COD_SKU,ARTICULO
sku_1,0-1-2111475-3
sku_2,0-1859249-7
sku_3,0203700090
sku_4,0-2111037-1
sku_5,0-2111037-3
sku_6,0-2111039-1
sku_7,0-2111039-3
sku_8,0-2111050-1
sku_9,0-2111050-3
sku_10,0-2111475-2
sku_11,0-2111475-6
sku_12,0-2111475-7
sku_13,0-2111477-1
sku_14,0-2111478-1
sku_15,1.1LS-FTP6-1-BL
sku_16,1.1LS-FTP6-3-WH
sku_17,1.1LS-OC0098
sku_18,1.1LS-UTP6-1-BL
sku_19,1.1LS-UTP6-1-WH
sku_20,1.2LS-EZT-TOOL1
sku_21,1.2LS-FDF-1U-EP-O
sku_22,1.2LS-FDM-LC-DP-12
sku_23,1.2LS-FDP-24-LCDP-W
sku_24,1.2LS-FP-US-1P
sku_25,1.2LS-FP-US-2P
sku_26,1.2LS-FP-US-2PA
sku_27,1.2LS-JC-LC/LC-OM3-3
sku_28,1.2LS-MJSC6A
sku_29,1.2LS-MJUC5E-BL
sku_30,1.2LS-MJUC6-WH
sku_31,1.2LS-PCUC5EBL1
sku_32,1.2LS-PCUC5EBL3
sku_33,1.2LS-PCUC5EGY1
sku_34,1.2LS-PCUC5EGY3
sku_35,1.2LS-PCUC5ERD3
sku_36,1.2LS-PCUC6BL2
sku_37,1.2LS-PCUC6GY1
sku_38,1.2LS-PCUC6GY2
sku_39,1.2LS-PCUC6RD1
sku_40,1.2LS-PCUC6RD2
sku_41,1.2LS-PP24P-EWM
sku_42,10010CBR
sku_43,10020CBR
sku_44,10023ABR
sku_45,10025ABR
sku_46,10030CBR
sku_47,10030FBR
sku_48,10031ABR
sku_49,10032ABR
sku_50,10033ABR
sku_51,10034ABR
sku_52,10035ABR
sku_53,10036ABR
sku_54,10040CBR
sku_55,10041ABR
sku_56,10042ABR
sku_57,10043ABR
sku_58,10044ABR
sku_59,10045ABR
sku_60,10046ABR
sku_61,10060CBR
sku_62,10061ABR
sku_63,10062ABR
sku_64,10063ABR
sku_65,10064ABR
sku_66,10065ABR
sku_67,10066ABR
sku_68,10070CBR
sku_69,10071ABR
sku_70,10072ABR
sku_71,10073ABR
sku_72,10074ABR
sku_73,10075ABR
sku_74,10076ABR
sku_75,10090HBR
sku_76,10090RBR
sku_77,10091GBR
sku_78,10091RBR
sku_79,10092GBR
sku_80,10092RBR
sku_81,10093GBR
sku_82,10093RBR
sku_83,10094GBR
sku_84,10095RBR
sku_85,10096GBR
sku_86,10099R
sku_87,10110CCZ
sku_88,10113ACZ
sku_89,10114ACZ
sku_90,10115ACZ
sku_91,10120CCZ
sku_92,10123ACZ
sku_93,10124ACZ
sku_94,10125ACZ
sku_95,1013
sku_96,1013 LSZH
sku_97,10140CBR
sku_98,10141ABR
sku_99,10142ABR
sku_100,10143ABR
sku_101,10144ABR
sku_102,10145ABR
sku_103,10146ABR
sku_104,10160CBR
sku_105,10170CBR
sku_106,1031A
sku_107,1080-K
sku_108,10971ABR
sku_109,1-1116412-3
sku_110,1-1116698-3
sku_111,1116412-1
sku_112,1116412-2
sku_113,1116412-3
sku_114,1116412-4
sku_115,1-1375055-3
sku_116,11-3S-1-2
sku_117,1-1671365-1
sku_118,1-1859241-0
sku_119,1-1859244-0
sku_120,1-1859249-0
sku_121,1-2111009-1
sku_122,1-2111009-3
sku_123,1-2111011-3
sku_124,1-2111022-3
sku_125,1-2153449-3
sku_126,1-219885-0
sku_127,1-2848025-2
sku_128,1-2848025-3
sku_129,1-2848025-4
sku_130,1-2848025-6
sku_131,1-2848025-7
sku_132,13010CBR
sku_133,13012ABR
sku_134,13013ABR
sku_135,13014ABR
sku_136,13015ABR
sku_137,13016ABR
sku_138,13020CBR
sku_139,13022ABR
sku_140,13023ABR
sku_141,13026ABR
sku_142,13030CBR
sku_143,13032ABR
sku_144,13033ABR
sku_145,13035ABR
sku_146,13036ABR
sku_147,13080CBR
sku_148,13082ABR
sku_149,13083ABR
sku_150,13084ABR
sku_151,13085ABR
sku_152,13086ABR
sku_153,1348876-4
sku_154,1374463-1
sku_155,1374463-5
sku_156,1375055-1
sku_157,1375055-2
sku_158,1375055-3
sku_159,1375055-6
sku_160,1375055-7
sku_161,1375055-9
sku_162,1375155-1
sku_163,1375155-3
sku_164,13751581
sku_165,13751621
sku_166,13751631
sku_167,1375164-1
sku_168,1375191-1
sku_169,1375191-2
sku_170,1375191-3
sku_171,1375191-6
sku_172,1375191-7
sku_173,1427070-2
sku_174,1427071-4
sku_175,1427077-2
sku_176,1427353-2
sku_177,1479154-2
sku_178,1499418-2
sku_179,1499827-7
sku_180,15-38M1-3
sku_181,1592A GREEN
sku_182,1592A RD
sku_183,1592A YL
sku_184,1642A
sku_185,1711077-2
sku_186,1711080-2
sku_187,1711343-2
sku_188,1711816-2
sku_189,1711817-3
sku_190,1725150-6
sku_191,1859239-3
sku_192,1859241-3
sku_193,1859241-4
sku_194,1859241-7
sku_195,1859244-6
sku_196,1859244-7
sku_197,1859247-7
sku_198,1859249-3
sku_199,1859381=2
sku_200,18A-4U24BK07-1
sku_201,1933532-1
sku_202,1933567-1
sku_203,19-4L24BK08M11
sku_204,20-01-1
sku_205,2111022-1
sku_206,2153365-4
sku_207,2153437-1
sku_208,2153449-2
sku_209,2153449-4
sku_210,2153449-6
sku_211,2160046-3
sku_212,2160046-5
sku_213,219246-7
sku_214,219590-4-50
sku_215,219590-6
sku_216,219884-7
sku_217,219888-8
sku_218,2843033-3
sku_219,2843048-1
sku_220,2848025-2
sku_221,2848025-2U
sku_222,2848025-3
sku_223,2848025-4U
sku_224,2848025-6
sku_225,2848025-7
sku_226,3050
sku_227,3050 BK
sku_228,3050 BL
sku_229,3056
sku_230,3057
sku_231,3060
sku_232,3060 BL
sku_233,3066
sku_234,3066 WH
sku_235,3067
sku_236,3090P
sku_237,317W-V2/WH-LS
sku_238,323121411
sku_239,4000-14
sku_240,4001-04
sku_241,4003-05
sku_242,4003-06
sku_243,406185-3
sku_244,406330-1
sku_245,407-001
sku_246,407-001-R
sku_247,4095P
sku_248,441-001
sku_249,442-001-B
sku_250,463-001
sku_251,463-001-M
sku_252,47011
sku_253,5061
sku_254,5095P
sku_255,5-569278-2
sku_256,557505-3
sku_257,558088-3
sku_258,559523-1
sku_259,569875-3
sku_260,57538-2
sku_261,6001-03
sku_262,6001-06
sku_263,6002-01
sku_264,6004-02
sku_265,600500030009
sku_266,6010 LSZH
sku_267,6020 LSZH
sku_268,6030 LSZH
sku_269,6060 LSZH
sku_270,6070 LSZH
sku_271,6080 LSZH
sku_272,6090-P
sku_273,620-001
sku_274,620-002
sku_275,621-004
sku_276,6-2111979-2
sku_277,6-2111984-2
sku_278,6-2111984-3
sku_279,640-001-B
sku_280,641-005
sku_281,6536464-2
sku_282,6536966-1
sku_283,6536967-2
sku_284,6-554720-3
sku_285,660-001
sku_286,6708/11
sku_287,6708/17
sku_288,6708/23
sku_289,6734
sku_290,6A-CBHC-BL1
sku_291,6A-CBHC-BL10
sku_292,6A-CBHC-BL15
sku_293,6A-CBHC-BL2
sku_294,6A-CBHC-BL20
sku_295,6A-CBHC-BL3
sku_296,6A-CBHC-BL5
sku_297,6A-CBHC-GY1
sku_298,6A-CBHC-GY2
sku_299,6A-CBHC-GY3
sku_300,6A-CBHC-WH1
sku_301,6A-CBHC-WH10
sku_302,6A-CBHC-WH15
sku_303,6A-CBHC-WH2
sku_304,6A-CBHC-WH20
sku_305,6A-CBHC-WH3
sku_306,6A-CBHC-WH5
sku_307,6A-FP-C6A-FS
sku_308,6AIDAE
sku_309,6AKJ18F
sku_310,6-CNF-150
sku_311,7060 LSZH
sku_312,7060 LSZH BL
sku_313,7060/25 LSZH
sku_314,7061
sku_315,7070
sku_316,7540 AZUL LSZH
sku_317,7540 GRIS LSZH
sku_318,7540 NEGRO LSZH
sku_319,760012161
sku_320,760053611-
sku_321,760072942
sku_322,760072959
sku_323,760149344
sku_324,760237040
sku_325,760237040+J.
sku_326,760237040+J.5E
sku_327,760237041
sku_328,760237041+J.
sku_329,760237042
sku_330,760237046
sku_331,760237047
sku_332,760241378
sku_333,760241725
sku_334,760245049
sku_335,760249997
sku_336,790163-1
sku_337,790163-6
sku_338,7997A
sku_339,8010 LSZH
sku_340,8010 LSZH - 270 METR
sku_341,8010 LSZH - 280 METR
sku_342,8010 LSZH - 294 METR
sku_343,8011 LSZH
sku_344,8012 LSZH
sku_345,8018
sku_346,8020 LSZH - 257 METR
sku_347,8020_LSZH
sku_348,8021 LSZH
sku_349,8030 LSZH
sku_350,8031
sku_351,8031 LSZH
sku_352,8040 LSZH
sku_353,8041
sku_354,8050 LSZH
sku_355,8110P
sku_356,8112P
sku_357,8113P
sku_358,884017814 /10
sku_359,884019708/10-
sku_360,884024914/10
sku_361,8-FPA-C8-FS
sku_362,8-FP-C8-FS
sku_363,8-FPS-C8-FS
sku_364,9010
sku_365,9011
sku_366,9012
sku_367,9013
sku_368,9040 LSZH
sku_369,9040 LSZH BL
sku_370,9040/24 LSZH
sku_371,9041
sku_372,9060
sku_373,9061 LSZH
sku_374,9067
sku_375,9367
sku_376,9495 (152.50MT)
sku_377,9500000001
sku_378,9500000015
sku_379,9500000018
sku_380,9500000024
sku_381,9500000027
sku_382,9500000029
sku_383,9500000034
sku_384,9500000037
sku_385,9500000042
sku_386,9500000047
sku_387,9500000073
sku_388,9500000074
sku_389,9500000079
sku_390,9500000086
sku_391,950000080
sku_392,9600000001
sku_393,9600000010
sku_394,9600000029
sku_395,9600000037
sku_396,9600000040
sku_397,9600000042
sku_398,9600000047
sku_399,9600000056
sku_400,9600000074
sku_401,9600000079
sku_402,9600000086
sku_403,981500118
sku_404,981500120
sku_405,9913
sku_406,A31842101
sku_407,ABADA0201703504
sku_408,AC10
sku_409,AC12
sku_410,AC12-D
sku_411,AC12G
sku_412,ACPSSW-13B
sku_413,ADCII5242000050
sku_414,ADS-12AM-12
sku_415,ADS-40FSI-12
sku_416,ADS-65LSI-19-1
sku_417,ADSS-12C.S100.G652
sku_418,ADSS-12C.S200.G652
sku_419,ADSS-12K.S100.G652
sku_420,ADSS-24C.S100.G652
sku_421,ADSS-48C.S100.G652
sku_422,ADSS-48C.S200.G652
sku_423,ADSS-6C.S100.G652
sku_424,ADSS-96C.S100.G652
sku_425,AF-5G23-S45
sku_426,AF-5G30-S45
sku_427,AF-5G34-S45
sku_428,AF-5U
sku_429,AF-5XHD
sku_430,AI-9
sku_431,AM-2G15-120
sku_432,AM-5AC21-60
sku_433,AM-5AC22-45
sku_434,AM-5G19-120
sku_435,AM-5G20-90
sku_436,AMO-2G10
sku_437,AMO-2G13
sku_438,AMO-5G13
sku_439,AOR-DECO1AM-24W
sku_440,AOR-DECO1CL-24W
sku_441,AOR-DECO1RS-24W
sku_442,AOR-DECO2AZ-24W
sku_443,AOR-DECO2BL-24W
sku_444,AOR-DECO2RJ-24W
sku_445,APL-PAN1.5W-B
sku_446,ARA10-SW-IMOU
sku_447,ARA12-W2
sku_448,ARA13-W2
sku_449,ARA23-SW
sku_450,ARA24-W2
sku_451,ARA43-W2
sku_452,ARB1606
sku_453,ARC2000E-SW-IMOU
sku_454,ARC3000H-FW2
sku_455,ARCHER AX10
sku_456,ARCHER AX11000
sku_457,ARCHER AX12
sku_458,ARCHER AX20
sku_459,ARCHER AX23
sku_460,ARCHER AX50
sku_461,ARCHER AX53
sku_462,ARCHER AX55
sku_463,ARCHER AX6000
sku_464,ARCHER AX72
sku_465,ARCHER AX73
sku_466,ARCHER AX80
sku_467,ARCHER AX90
sku_468,ARCHER AX95
sku_469,ARCHER C20
sku_470,ARCHER C20W
sku_471,ARCHER C24
sku_472,ARCHER C3150
sku_473,ARCHER C4000
sku_474,ARCHER C50
sku_475,ARCHER C5400X
sku_476,ARCHER C58HP
sku_477,ARCHER C6
sku_478,ARCHER C60
sku_479,ARCHER C64
sku_480,ARCHER C7
sku_481,ARCHER C80
sku_482,ARCHER C86
sku_483,ARCHER MR200
sku_484,ARCHER MR400
sku_485,ARCHER MR400APAC
sku_486,ARCHER T2E
sku_487,ARCHER T2U
sku_488,ARCHER T2U NANO
sku_489,ARCHER T2U PLUS
sku_490,ARCHER T2UB NANO
sku_491,ARCHER T2UH
sku_492,ARCHER T2UHP
sku_493,ARCHER T3U
sku_494,ARCHER T3U NANO
sku_495,ARCHER T3U PLUS
sku_496,ARCHER T4E
sku_497,ARCHER T4U
sku_498,ARCHER T4U PLUS
sku_499,ARCHER T5E
sku_500,ARCHER T6E
sku_501,ARCHER T9UH
sku_502,ARCHER TX20E
sku_503,ARCHER TX20U
sku_504,ARCHER TX20U NANO
sku_505,ARCHER TX20U PLUS
sku_506,ARCHER TX20UH
sku_507,ARCHER TX3000E
sku_508,ARCHER TX50E
sku_509,ARCHER TX55E
sku_510,ARCHER TXE72E
sku_511,ARCHER XR500V
sku_512,ARD1231-SW-IMOU
sku_513,ARD1233-W2
sku_514,ARD311-SW-IMOU
sku_515,ARD323-W2
sku_516,ARD822-W2
sku_517,AR-FCSC-APC
sku_518,AR-FCSCAPC-3MM
sku_519,ARM7011-W2
sku_520,AR-PTC-SCAPC-SCUPC 2
sku_521,ART-ARC3000H-03-W2
sku_522,AR-TB-2P-C-1SCAPC
sku_523,ASA1222E
sku_524,ASA1222E-S
sku_525,ASA1222GL
sku_526,ASA3213GL-MW
sku_527,ASA3223A-W
sku_528,ASF280A
sku_529,ASF280L
sku_530,ASF900
sku_531,ASI1201A-D
sku_532,ASI2212H-DW
sku_533,ASI3213A-W
sku_534,ASI3213G-MW
sku_535,ASI3214A-W
sku_536,ASI3223A
sku_537,ASI6214J-MFW
sku_538,ASM101A
sku_539,ASP LX
sku_540,ASU-12.100-G.652D
sku_541,ASU-12C.S100.G652
sku_542,ASU-12K.S100.G652
sku_543,ASU-24C.S100.G652
sku_544,ASU-6.100-G.652D
sku_545,ASU-6C.S100.G652
sku_546,ASU-6K.S100.G652
sku_547,AT-MC101XL-10
sku_548,AUP-6(X)
sku_549,AX15M
sku_550,B5-NID
sku_551,B866V2K
sku_552,BAN 1RU
sku_553,BAN 2RU
sku_554,BANPES70
sku_555,BARRA
sku_556,BL-SNSR15WLC
sku_557,BL-SNSR15WLF
sku_558,C050055H010A
sku_559,C050900R051A
sku_560,C300
sku_561,C320-10G
sku_562,C320-10G-16
sku_563,C320-10G-8
sku_564,C3A
sku_565,C5A
sku_566,C5X-POE
sku_567,CA-RSPNMA002
sku_568,CCR1009-7G-1C-1S+
sku_569,CCR1036-12G-4S-EM
sku_570,CCR1036-8G2S+EM
sku_571,CCR1072-1G-8S+
sku_572,CCR2004-16G-2S+PC
sku_573,CCR2004-1G-12S+2XS
sku_574,CCR2116-12G-4S+
sku_575,CCR2216-1G-12XS-2XQ
sku_576,CL1B-5-E27-IMOU
sku_577,CL1B-5-E27-IMOU.
sku_578,CL-CDD-6WLC
sku_579,CL-CGB-5WLF
sku_580,CL-CGB-9WLF
sku_581,CL-XYD-0.5WLC
sku_582,CN302A
sku_583,CO155D2-01F003
sku_584,CO155D2-07F003
sku_585,CO155D2-07F006
sku_586,CO155D2-0ZF003
sku_587,CO155D2-0ZF007
sku_588,CO155D2-0ZF010
sku_589,CONECTOR-DC
sku_590,CONECTOR-DH-25
sku_591,CPE210
sku_592,CPE220
sku_593,CPE510
sku_594,CPE605
sku_595,CPE610
sku_596,CPE710
sku_597,CR.5222.9001
sku_598,CR.5232.9001
sku_599,CR.5237.9001
sku_600,CRD-H28WLC
sku_601,CRD-H28WLF
sku_602,CRS112-8G-4S-IN
sku_603,CRS305-1G-4S+IN
sku_604,CRS317-1G-16S+RM
sku_605,CRS326-24G-2S+RM
sku_606,CRS326-24S+2Q+RM
sku_607,CRS328-24P-4S+RM
sku_608,CS4006-4ET-60
sku_609,CS4010-8ET-110
sku_610,CS4010-8GT-110
sku_611,CS4218-16ET-135
sku_612,CS4218-16ET-190
sku_613,CS4220-16GT-190
sku_614,CS4226-24ET-240
sku_615,CS4226-24ET-375
sku_616,CS4228-24GT-375
sku_617,CSS326-24G-2S+RM
sku_618,D110G
sku_619,D110GC
sku_620,D110GW
sku_621,D110GWC
sku_622,D120GW
sku_623,D130GW
sku_624,D150GW
sku_625,D154GW
sku_626,D174GW
sku_627,DB10
sku_628,DB11-IMOU
sku_629,DBDH-A4-12
sku_630,DBDH-A4-24
sku_631,DBDH-D5-96
sku_632,DBIM-A6-48
sku_633,DBIM-F4-24
sku_634,DBIM-N6-96
sku_635,DC12V1A
sku_636,DC12V2A
sku_637,DC250D-APC
sku_638,DC250D-UPC
sku_639,DCC-6-M
sku_640,DCC-6-P
sku_641,DCL-1
sku_642,DCL-1.25
sku_643,DCR-1
sku_644,DDROP-1.G657A1
sku_645,DDROP-1.G657A1-KM
sku_646,DDROP-1.G657A2
sku_647,DDROP-1-100-APC
sku_648,DDROP-1-130-APC
sku_649,DDROP-1-150-APC
sku_650,DDROP-1-60-APC
sku_651,DDROP-1-80-APC
sku_652,DDROP-1-PLUS-1KM
sku_653,DDROP-2.G657A1
sku_654,DDROP-4.G657A1
sku_655,DEC25LSZH-BK
sku_656,DEC25LSZH-BL
sku_657,DEC25LSZH-GRD
sku_658,DEC25LSZH-RD
sku_659,DEC25LSZH-WH
sku_660,DEC40LSZH-BK
sku_661,DEC40LSZH-BL
sku_662,DEC40LSZH-GRD.
sku_663,DEC40LSZH-RD
sku_664,DEC40LSZH-WH
sku_665,DEC60LSZH-BK
sku_666,DEC60LSZH-RD
sku_667,DEC60LSZH-WH
sku_668,DECO BE65-2
sku_669,DECO BE65-3
sku_670,DECO BE85-2
sku_671,DECO BE85-3
sku_672,DECO E4-1
sku_673,DECO E4-2
sku_674,DECO E4-3
sku_675,DECO M3W
sku_676,DECO M4-1
sku_677,DECO M4-2
sku_678,DECO M4-3
sku_679,DECO M5-1
sku_680,DECO M5-2
sku_681,DECO M5-3
sku_682,DECO M9PLUS-1
sku_683,DECO M9PLUS-2
sku_684,DECO M9PLUS-3
sku_685,DECO PX50-2
sku_686,DECO PX50-3
sku_687,DECO S7-1
sku_688,DECO S7-2
sku_689,DECO S7-3
sku_690,DECO X10-2
sku_691,DECO X10-3
sku_692,DECO X20-1
sku_693,DECO X20-2
sku_694,DECO X20-3
sku_695,DECO X50-1
sku_696,DECO X50-2
sku_697,DECO X50-3
sku_698,DECO X50-OUTDOOR-1
sku_699,DECO X50-POE-1
sku_700,DECO X50-POE-2
sku_701,DECO X50-POE-3
sku_702,DECO X55-2
sku_703,DECO X55-3
sku_704,DECO X60-1
sku_705,DECO X60-2
sku_706,DECO X60-3
sku_707,DECO X80-1
sku_708,DECO X80-2
sku_709,DECO X80-3
sku_710,DECO X90-2
sku_711,DECOLED01-60W
sku_712,DECOLED02-114W
sku_713,DECOLED03-64W
sku_714,DECOLED04-95W
sku_715,DECOLED-8X4W
sku_716,DECOLED-RGB-E14
sku_717,DEE1010B
sku_718,DEP-8GE
sku_719,DEP-SFP
sku_720,DFFS-1G
sku_721,DFFS-2-C
sku_722,DFPX-P4-144
sku_723,DFPX-P4-24
sku_724,DFPX-P4-48
sku_725,DFPX-P4-96
sku_726,DGP-16GE
sku_727,DGP-4GE
sku_728,DGP-8GE
sku_729,DGP-SFP
sku_730,DHGT-16G
sku_731,DHGT-16G-08-LGX
sku_732,DHGT-16G-08-PLC-N
sku_733,DHGT-16G-1
sku_734,DHGT-16G-LGX
sku_735,DHGT-16G-N
sku_736,DHGT-8B
sku_737,DHGT-8B-LGX
sku_738,DHGT-8B-LGX-N
sku_739,DHGT-8B-N
sku_740,DHL22-F600-S
sku_741,DHL27-F600
sku_742,DHL32-F600
sku_743,DHL43-F600
sku_744,DIX-96Y-4/24
sku_745,DIX-96Y-4/48
sku_746,DMD-12-1/12
sku_747,DMD-24-2/12
sku_748,DMD-48-4/12
sku_749,DMD-96-4/24
sku_750,DMH-12-1/12
sku_751,DMH-24-2/12
sku_752,DMH-48-4/12
sku_753,DNS-16LW
sku_754,DPOPM
sku_755,DR-2-APC
sku_756,DRL-48V120W1AA
sku_757,DS1016GE
sku_758,DS1024GE
sku_759,DS105GE
sku_760,DS108GE
sku_761,DS116GE
sku_762,DS11-IMOU
sku_763,DSC-APC
sku_764,DSC-APC-01
sku_765,DSC-UPC-01
sku_766,DS-P7001-04
sku_767,DS-P7001-08
sku_768,DS-PMA-C+
sku_769,DSS4004-S2
sku_770,DSS7016DR-S2
sku_771,DSS8PRVB
sku_772,DT-1/2-AE
sku_773,DT-3/8-NE
sku_774,DT-5/16-NE
sku_775,DXA.6022.EFA
sku_776,DXA.6827.EEA
sku_777,DXA.6827.EFA
sku_778,DXA.6837.EEA
sku_779,DXA.8042.FFA
sku_780,DXA.8142.FFA
sku_781,DXN10011
sku_782,DXN10013
sku_783,DXN10023
sku_784,DXN10031
sku_785,DXN10041
sku_786,DXN10051
sku_787,DXN10061
sku_788,DXN10081
sku_789,DXN10101
sku_790,DXN10111
sku_791,DXN10121
sku_792,DXN10141
sku_793,DXN10161
sku_794,DXN10172
sku_795,DXN10181
sku_796,DXN10201
sku_797,DXN10211
sku_798,DXN10221
sku_799,DXN10231
sku_800,DXN11011
sku_801,DXN11012
sku_802,DXN11013
sku_803,DXN11014
sku_804,DXN11015
sku_805,DXN11016
sku_806,DXN11018
sku_807,DXN11031
sku_808,DXN11032
sku_809,DXN11033
sku_810,DXN11034
sku_811,DXN11035
sku_812,DXN11036
sku_813,DXN11041
sku_814,DXN11042
sku_815,DXN11043
sku_816,DXN11044
sku_817,DXN11045
sku_818,DXN11046
sku_819,DXN11051
sku_820,DXN11052
sku_821,DXN11053
sku_822,DXN11054
sku_823,DXN11055
sku_824,DXN11056
sku_825,DXN11061
sku_826,DXN11062
sku_827,DXN11063
sku_828,DXN11064
sku_829,DXN11065
sku_830,DXN11066
sku_831,DXN11071
sku_832,DXN11072
sku_833,DXN11073
sku_834,DXN11074
sku_835,DXN11075
sku_836,DXN11076
sku_837,DXN11081
sku_838,DXN11082
sku_839,DXN11083
sku_840,DXN11084
sku_841,DXN11085
sku_842,DXN11086
sku_843,DXN11091
sku_844,DXN11092
sku_845,DXN11093
sku_846,DXN11094
sku_847,DXN11095
sku_848,DXN11096
sku_849,DXN11101
sku_850,DXN11102
sku_851,DXN11103
sku_852,DXN11104
sku_853,DXN11105
sku_854,DXN11106
sku_855,DXN11113
sku_856,DXN11114
sku_857,DXN3404N
sku_858,DXN3405N
sku_859,DXN5000D
sku_860,DXN5004S
sku_861,DXN5006S
sku_862,DXN5007S
sku_863,DXN5011S
sku_864,DXP.120.30.1A
sku_865,DXP.120.75.1A
sku_866,DXP.411.301
sku_867,DXP.411.302
sku_868,DXP.421.242A
sku_869,DXP.521.2.220
sku_870,DXP.521.4.24A
sku_871,DXP.522.2.220
sku_872,DXP.880.1000
sku_873,DXPU.8CRCAA
sku_874,DXV5.5404.BA
sku_875,DXV5.5406.BA
sku_876,DXY.6406.BXA
sku_877,DXY.6409.BXA
sku_878,DXY.6412.BXA
sku_879,DXY.6415.BXA
sku_880,DXY.6418.BXA
sku_881,EAP110
sku_882,EAP110-OUTDOOR
sku_883,EAP115
sku_884,EAP225
sku_885,EAP225-OUTDOOR
sku_886,EAP225-WALL
sku_887,EAP230-WALL
sku_888,EAP235-WALL
sku_889,EAP245
sku_890,EAP245-5
sku_891,EAP265HD
sku_892,EAP610
sku_893,EAP610-OUTDOOR
sku_894,EAP620 HD
sku_895,EAP623-OUTDOOR HD
sku_896,EAP650
sku_897,EAP650-OUTDOOR
sku_898,EAP653
sku_899,EAP660HD
sku_900,EAP670
sku_901,EAP673
sku_902,EAP683LR
sku_903,EAP773
sku_904,EC220-F5
sku_905,EC220-G5
sku_906,EC225-G5
sku_907,EMERDIX12-6HRS
sku_908,EMERDIX20-8HRS
sku_909,EMERDIX-3.7V2AH
sku_910,EMERDIX-4V2AH
sku_911,EMERDIX6HRS-100
sku_912,EMERGDIX32-9HRS
sku_913,ENV-CORN-E14-5WLF
sku_914,ENV-CORN-E27-15WLC
sku_915,ENV-CORN-E27-15WLF
sku_916,ENV-DECO10-48W
sku_917,ENV-DECO11-48W
sku_918,ENV-DECO12-48W
sku_919,ENV-DECO13-48W
sku_920,ENV-DECO1-36W
sku_921,ENV-DECO14-48W
sku_922,ENV-DECO1-48W
sku_923,ENV-DECO15-48W
sku_924,ENV-DECO16-48W
sku_925,ENV-DECO17-48W
sku_926,ENV-DECO2-36W
sku_927,ENV-DECO2-48W
sku_928,ENV-DECO3-36W
sku_929,ENV-DECO3-48W
sku_930,ENV-DECO4-24W
sku_931,ENV-DECO5-72W
sku_932,ENV-DECO6-72W
sku_933,ENV-DECO7-36W
sku_934,ENV-DECO7-48W
sku_935,ENV-DECO8-36W
sku_936,ENV-DECO8-48W
sku_937,ENV-DECO9-48W
sku_938,ENV-EXTO-BL18W-LC
sku_939,ENV-EXTO-BL18W-LF
sku_940,ENV-EXTO-NG18W-LC
sku_941,ENV-EXTO-NG18W-LF
sku_942,ENV-EXTR-BL18W-LC
sku_943,ENV-EXTR-BL18W-LF
sku_944,ENV-EXTR-BL24W-LC
sku_945,ENV-EXTR-BL24W-LF
sku_946,ENV-EXTR-NG18W-LC
sku_947,ENV-EXTR-NG18W-LF
sku_948,ER605
sku_949,ER706W
sku_950,ER7206
sku_951,ER-X-SFP
sku_952,ES-24-250W
sku_953,ES-24-500W
sku_954,ES-24-LITE
sku_955,ES-48-500W
sku_956,ESS1504C
sku_957,ETH-SP-G2
sku_958,EVS-BASE
sku_959,EVS-CNCT-I
sku_960,EVS-CNCT-L
sku_961,EVS-CNCT-T
sku_962,EVS-CNCT-X
sku_963,EVS-TRACK
sku_964,EVS-TRL-30WLC
sku_965,EVS-TRL-30WLF
sku_966,EX141
sku_967,EX220
sku_968,F2C-PV
sku_969,F4C-PV
sku_970,F601
sku_971,F670L-WIFI5
sku_972,FB1542.9001
sku_973,FB3042.9001
sku_974,FBWLCUC11-JXF003
sku_975,FBXLCUC11-MXF003
sku_976,FBXLCUC11-MXF007
sku_977,FC311A-2
sku_978,FC311A-20
sku_979,FC311B-2
sku_980,FC311B-20
sku_981,FDDROP-1.G657A1-KM
sku_982,FDDROP-1-PLUS-
sku_983,FDDROP-1-PLUS-1KM
sku_984,FDDROP-2.G657A1
sku_985,FDDROP-4.G657A1
sku_986,FDROP-1.G657A1
sku_987,FDROP-2.G657A1
sku_988,FDROP-4.G657A1
sku_989,FFWLCLC42-JXF010
sku_990,FFXLCLC42-MXF007
sku_991,FFXLCLC42-MXM002
sku_992,FFXLCLC42-MXM003
sku_993,FIXLED-100WLF
sku_994,FIXLEDH-100WLF
sku_995,FLMNT-A60-8W
sku_996,FLMNT-G125-12W
sku_997,FLMNT-G45-5W
sku_998,FLMNT-G95-8W
sku_999,FLMNT-ST64-8W
sku_1000,FO-A-LC-2-SM-BL
sku_1001,FO-A-LC-4-SM-BL
sku_1002,FO-A-SC-2-SM-BL
sku_1003,FO-SC/LC-2-SM-3M
sku_1004,FP-6A-FS
sku_1005,FRAME-30*120
sku_1006,FRAME-60*60
sku_1007,FRB20-IMOU
sku_1008,FRB20-IMOU.
sku_1009,FR-RG6
sku_1010,FSP11-IMOU
sku_1011,FSP11-IMOU.
sku_1012,FSP12-IMOU.
sku_1013,FSP12-TYPEC-IMOU
sku_1014,FT-PS-1-16A
sku_1015,FT-PS-1-2A
sku_1016,FT-PS-1-2B
sku_1017,FT-PS-1-4A
sku_1018,FT-PS-1-4B
sku_1019,FT-PS-1-8A
sku_1020,FT-PS-1-8B
sku_1021,G3.6022.9801
sku_1022,G3.6027.9801
sku_1023,G3.6037.9801
sku_1024,G3.6042.9801
sku_1025,G3.6822.9801
sku_1026,G3.6827.9801
sku_1027,G3.6842.9801
sku_1028,G3.8042.9801
sku_1029,G3.8142.9801
sku_1030,G3.8842.9801
sku_1031,G4.6042.9101
sku_1032,G4.6837.9101
sku_1033,G4.6842.9101
sku_1034,G4.8142.9101
sku_1035,GABI19-10
sku_1036,GABI19-12
sku_1037,GABI19-15
sku_1038,GABI19-18
sku_1039,GABI19-6
sku_1040,GABI19-8
sku_1041,GFS-16G-1
sku_1042,GFS-16G-1-08
sku_1043,GFS-16G-1-N
sku_1044,GFS-16GB
sku_1045,GFS-16GB-N
sku_1046,GFS-16S
sku_1047,GFS-16X
sku_1048,GFS-16YXL
sku_1049,GFS-1F
sku_1050,GFS-2C
sku_1051,GFS-2C-SC/APC
sku_1052,GFS-8A-1
sku_1053,GFS-8A-1-N
sku_1054,GFS-8B-1
sku_1055,GFS-8B-1-N
sku_1056,GFS-8K
sku_1057,GFS-8ZT
sku_1058,GFS-RASKBOX
sku_1059,GFT-24/48T
sku_1060,GFT-24/48T-S
sku_1061,GFT-96Y-4/24
sku_1062,GFT-96Y-4/48
sku_1063,GFT-96Y-4/96
sku_1064,GFT-96Y-4H
sku_1065,GFT-96Y-4H-S
sku_1066,H2A
sku_1067,H2C
sku_1068,H3A
sku_1069,H3B
sku_1070,H4A
sku_1071,H5A
sku_1072,H5B
sku_1073,HAC-B1A11
sku_1074,HAC-B1A21
sku_1075,HAC-B1A21-28
sku_1076,HAC-B1A21-U
sku_1077,HAC-B1A51
sku_1078,HAC-B1A51-U
sku_1079,HAC-B2A11
sku_1080,HAC-B2A21
sku_1081,HAC-B2A21-28
sku_1082,HAC-B3A51-Z
sku_1083,HAC-B4A21-VF
sku_1084,HAC-EBW3802
sku_1085,HAC-EW2501
sku_1086,HAC-HDBW1100VF3
sku_1087,HAC-HDBW1200RA-Z
sku_1088,HAC-HDBW1200R-Z
sku_1089,HAC-HDBW1231RA-Z-A
sku_1090,HAC-HDBW1400R-Z
sku_1091,HAC-HDBW1500R-Z
sku_1092,HAC-HDBW1801RA-Z-A
sku_1093,HAC-HDBW1801R-Z
sku_1094,HAC-HDBW2231R-Z-POC
sku_1095,HAC-HDBW2241E
sku_1096,HAC-HDBW2241EA-A
sku_1097,HAC-HDBW2501E
sku_1098,HAC-HDBW2501R-Z
sku_1099,HAC-HDBW3200F-M
sku_1100,HAC-HDBW3802E-Z
sku_1101,HAC-HDW1000M28S3
sku_1102,HACHDW1000R28S3
sku_1103,HAC-HDW1100EM-A-28-S
sku_1104,HAC-HDW1100G-M
sku_1105,HAC-HDW1200CLQ-IL-A
sku_1106,HAC-HDW1200EM-A-S4
sku_1107,HAC-HDW1200EM-POC
sku_1108,HAC-HDW1200M-S4
sku_1109,HAC-HDW1200R-S4
sku_1110,HAC-HDW1200T-IL-A
sku_1111,HAC-HDW1200TL-A-S4
sku_1112,HAC-HDW1200TLM-IL-A
sku_1113,HAC-HDW1200TLMQ
sku_1114,HAC-HDW1200TMQ-A
sku_1115,HAC-HDW1200TRQ
sku_1116,HAC-HDW1200TRQ-A
sku_1117,HAC-HDW1200T-Z-A-S4
sku_1118,HAC-HDW1209TLQ-A-LED
sku_1119,HAC-HDW1209TLQ-LED
sku_1120,HAC-HDW1209TQ-A-LED
sku_1121,HAC-HDW1209TQ-LED
sku_1122,HAC-HDW1231TRQ-A
sku_1123,HAC-HDW1239T-IL-A
sku_1124,HAC-HDW1239TL-A-LED
sku_1125,HAC-HDW1239TLQ-A-LED
sku_1126,HAC-HDW1239TLQ-IL-A
sku_1127,HAC-HDW1239T-Z-A-LED
sku_1128,HAC-HDW1400EM-A-S2
sku_1129,HAC-HDW1400M-S2
sku_1130,HAC-HDW1400R-S2
sku_1131,HAC-HDW1400TL-A-S2
sku_1132,HAC-HDW1500CLQ-IL-A
sku_1133,HAC-HDW1500T-IL-A
sku_1134,HAC-HDW1500TLM-IL-A
sku_1135,HAC-HDW1500TLMQ-A
sku_1136,HAC-HDW1500TMQ-A
sku_1137,HAC-HDW1500TRQ-A
sku_1138,HAC-HDW1509T-IL-A
sku_1139,HAC-HDW1509TL-A-LED
sku_1140,HAC-HDW1509T-LED
sku_1141,HAC-HDW1509TLQ-A-LED
sku_1142,HAC-HDW1509TLQ-LED
sku_1143,HAC-HDW1800R
sku_1144,HAC-HDW1800TL-A
sku_1145,HAC-HDW1801T-IL-A
sku_1146,HAC-HDW1801TL-A
sku_1147,HAC-HDW1809T-A-LED
sku_1148,HAC-HDW2241M-E2
sku_1149,HAC-HDW2241T-A
sku_1150,HAC-HDW2241TMQ-A
sku_1151,HAC-HDW2241T-Z-A
sku_1152,HAC-HDW2249T-A-LED
sku_1153,HAC-HDW2802T-A
sku_1154,HAC-HDW2802T-Z-A
sku_1155,HACHFW1000M28S3
sku_1156,HACHFW1000R28S3
sku_1157,HAC-HFW1100B-28-S3
sku_1158,HAC-HFW1100B-S3
sku_1159,HAC-HFW1100R-VF-IRE6
sku_1160,HAC-HFW1100VFS3
sku_1161,HAC-HFW1200C
sku_1162,HAC-HFW1200CL-IL-A
sku_1163,HAC-HFW1200CM
sku_1164,HAC-HFW1200CM-A
sku_1165,HAC-HFW1200CM-IL-A
sku_1166,HAC-HFW1200D-S4
sku_1167,HAC-HFW1200R-36-S4
sku_1168,HAC-HFW1200R-S4
sku_1169,HAC-HFW1200R-Z-A
sku_1170,HAC-HFW1200R-Z-IR6-A
sku_1171,HAC-HFW1200R-Z-IRE6
sku_1172,HAC-HFW1200S-POC-S3A
sku_1173,HAC-HFW1200T-A-S4
sku_1174,HAC-HFW1200TH-I4
sku_1175,HAC-HFW1200TH-I4-A
sku_1176,HAC-HFW1200TH-I8
sku_1177,HAC-HFW1200TH-I8-A
sku_1178,HAC-HFW1200TL-A-S4
sku_1179,HAC-HFW1200TLM-IL-A
sku_1180,HAC-HFW1200T-S4
sku_1181,HAC-HFW1200VF-IR6-S3
sku_1182,HAC-HFW1209C-A-LED
sku_1183,HAC-HFW1209C-LED
sku_1184,HAC-HFW1220R-VF-IRE6
sku_1185,HAC-HFW1230R-Z-IRE6
sku_1186,HAC-HFW1231C-A
sku_1187,HAC-HFW1231CM
sku_1188,HAC-HFW1231R-Z-A
sku_1189,HAC-HFW1239T-A-LED
sku_1190,HAC-HFW1239T-A-LED36
sku_1191,HAC-HFW1239TLM-IL-A
sku_1192,HAC-HFW1239TU-Z-A-LE
sku_1193,HAC-HFW1400D-S2
sku_1194,HAC-HFW1400R-S2
sku_1195,HAC-HFW1400R-Z-IRE6
sku_1196,HAC-HFW1400T-S2
sku_1197,HAC-HFW1500C
sku_1198,HAC-HFW1500C-A
sku_1199,HAC-HFW1500CL-IL-A
sku_1200,HAC-HFW1500CM-A
sku_1201,HAC-HFW1500D
sku_1202,HAC-HFW1500R-Z-IR6-A
sku_1203,HAC-HFW1500T-A
sku_1204,HAC-HFW1500TH-I8
sku_1205,HAC-HFW1500TLM-IL-A
sku_1206,HAC-HFW1509C-A-LED
sku_1207,HAC-HFW1509T-LED
sku_1208,HAC-HFW1509TLM-A-LED
sku_1209,HAC-HFW1509TLM-IL-A
sku_1210,HAC-HFW1509TLM-LED
sku_1211,HAC-HFW1509TU-Z-A-LE
sku_1212,HAC-HFW1800R
sku_1213,HAC-HFW1800T-A
sku_1214,HAC-HFW1800TH-I8
sku_1215,HAC-HFW1801R-Z-A
sku_1216,HAC-HFW1801R-Z-IRE6
sku_1217,HAC-HFW1801R-Z-IRE6-
sku_1218,HAC-HFW1801T-A
sku_1219,HAC-HFW1801TH-I8
sku_1220,HAC-HFW1809TLM-A-LED
sku_1221,HAC-HFW2231R-Z-POC
sku_1222,HAC-HFW2241CM-A
sku_1223,HAC-HFW2241E-A
sku_1224,HAC-HFW2241TU-Z-A
sku_1225,HAC-HFW2241T-Z-A
sku_1226,HAC-HFW2249E-A-LED
sku_1227,HAC-HFW2249T-A-LED
sku_1228,HAC-HFW2501E-A
sku_1229,HAC-HFW2501TU-Z-A
sku_1230,HAC-HFW2501T-Z-A
sku_1231,HAC-HFW2802E-A
sku_1232,HAC-HFW2802T-A-I8
sku_1233,HAC-HFW2802TU-A
sku_1234,HAC-HFW2802TU-Z-A
sku_1235,HAC-HFW2802T-Z-A
sku_1236,HAC-HFW2802T-Z-A-DP
sku_1237,HAC-HFW3802E-Z
sku_1238,HAC-HM3200L-F
sku_1239,HAC-HMW3200L
sku_1240,HAC-HMW3200L-FR
sku_1241,HAC-HMW3200L-FR-BUS
sku_1242,HAC-HUM1220A-PIR
sku_1243,HAC-HUM1220A-W
sku_1244,HAC-HUM3200G-M
sku_1245,HAC-HUM3201B
sku_1246,HAC-HUM3201B-P
sku_1247,HAC-LC1220T-TH
sku_1248,HAC-ME1200A
sku_1249,HAC-ME1200B-LED
sku_1250,HAC-ME1200B-S4
sku_1251,HAC-ME1200D
sku_1252,HAC-ME1200E-LED
sku_1253,HAC-ME1239TH-A-PV
sku_1254,HAC-ME1239TQ-A-PV
sku_1255,HAC-ME1509TH-A-PV
sku_1256,HAC-ME1509TH-PV
sku_1257,HAC-ME1509TQ-A-PV
sku_1258,HAC-ME1509TQ-PV
sku_1259,HAC-ME1809H-A-PV
sku_1260,HAC-ME1809TH-A-PV
sku_1261,HAC-ME2241C
sku_1262,HAC-PFW3601-A180-AC2
sku_1263,HAC-PT1200A-IL-A
sku_1264,HAC-PT1239A-A-LED
sku_1265,HAC-PT1500A-IL-A
sku_1266,HAC-PT1509A-A-LED
sku_1267,HAC-T1A11
sku_1268,HAC-T1A21-28
sku_1269,HAC-T1A21-U
sku_1270,HAC-T1A41
sku_1271,HAC-T1A51
sku_1272,HAC-T1A51-U
sku_1273,HAC-T2A11
sku_1274,HAC-T2A21
sku_1275,HAC-T2A21-28
sku_1276,HALO H30G-2
sku_1277,HALO H30G-3
sku_1278,HALO H50G-2
sku_1279,HALO H50G-3
sku_1280,HALO S12-2
sku_1281,HALO S12-3
sku_1282,HALO S3-2
sku_1283,HALO S3-3
sku_1284,HAP120
sku_1285,HB24-100W
sku_1286,HB24-200W
sku_1287,HB24-300W
sku_1288,HC220-G5-1
sku_1289,HCVR4104HS-S3
sku_1290,HCVR7104H-4K
sku_1291,HCVR7208AN-4M
sku_1292,HIGHBAY-100WLF
sku_1293,HIGHBAY-150WLF
sku_1294,HIGHBAY-200WLF
sku_1295,HKKD-14018
sku_1296,HNA-360-H2
sku_1297,HNA-360-H2-B
sku_1298,HNC-310-H2-B
sku_1299,HORN-5-30
sku_1300,HORN-5-60
sku_1301,HORN-5-90
sku_1302,HR300-IMOU
sku_1303,HRX-1620
sku_1304,HS100
sku_1305,HS110
sku_1306,HS200
sku_1307,HS210
sku_1308,HS210 KIT
sku_1309,HW-315
sku_1310,HX220-1
sku_1311,HY-SAV849HAN-E
sku_1312,IC-S50
sku_1313,ID-EM
sku_1314,IN-E27H-NJ
sku_1315,IN-E27H-RJ
sku_1316,INS-8023AF-O
sku_1317,IOT-CL1B-5-E26-IMOU
sku_1318,IOT-ZG1-EU-IMOU
sku_1319,IPC-A12
sku_1320,IPC-A12-IMOU
sku_1321,IPC-A15
sku_1322,IPC-A22
sku_1323,IPC-A22E-B-IMOU
sku_1324,IPC-A22E-D-IMOU
sku_1325,IPC-A22E-D-IMOU.
sku_1326,IPC-A22E-G-IMOU
sku_1327,IPC-A22E-IMOU
sku_1328,IPC-A22E-L-IMOU
sku_1329,IPC-A26HI-IMOU
sku_1330,IPC-A26H-IMOU
sku_1331,IPC-A26L-IMOU
sku_1332,IPC-A26L-IMOU.
sku_1333,IPC-A32E-L-IMOU
sku_1334,IPC-A35
sku_1335,IPC-A42-B-IMOU
sku_1336,IPC-A42-D-IMOU
sku_1337,IPC-A42-D-IMOU-
sku_1338,IPC-A42-D-IMOU.
sku_1339,IPC-A42-IMOU
sku_1340,IPC-A42-L-IMOU
sku_1341,IPC-B1A30
sku_1342,IPC-B1B40
sku_1343,IPC-B26E-IMOU
sku_1344,IPC-B26E-IMOU.
sku_1345,IPC-B2B20-L-ZS
sku_1346,IPC-B2B40-ZS
sku_1347,IPC-B32-V2-IMOU
sku_1348,IPC-B46L-IMOU
sku_1349,IPC-B46L-IMOU.
sku_1350,IPC-C12
sku_1351,IPC-C12-IMOU
sku_1352,IPC-C15
sku_1353,IPC-C22
sku_1354,IPC-C22C-IMOU
sku_1355,IPC-C22C-IMOU.
sku_1356,IPC-C22E-A-IMOU
sku_1357,IPC-C22E-A-IMOU.
sku_1358,IPC-C22E-D-IMOU
sku_1359,IPC-C22E-D-IMOU.
sku_1360,IPC-C22E-IMOU
sku_1361,IPC-C22F-C-IMOU
sku_1362,IPC-C22F-C-IMOU.
sku_1363,IPC-C26
sku_1364,IPC-D22-IMOU
sku_1365,IPC-D2B20-L-ZS
sku_1366,IPC-D2B40-ZS
sku_1367,IPC-EB5531
sku_1368,IPC-EB5541-AS
sku_1369,IPC-EBW81242-AS-IVC
sku_1370,IPC-EBW8842-AS-IVC
sku_1371,IPC-EW5531-AS
sku_1372,IPC-EW5541-AS
sku_1373,IPC-F22A-IMOU
sku_1374,IPC-F22-D-IMOU
sku_1375,IPC-F22-D-IMOU.
sku_1376,IPC-F22F-D-IMOU
sku_1377,IPC-F22FE-D-IMOU
sku_1378,IPC-F22FE-IMOU
sku_1379,IPC-F22FE-IMOU.
sku_1380,IPC-F22F-IMOU
sku_1381,IPC-F22F-IMOU.
sku_1382,IPC-F22-IMOU
sku_1383,IPC-F22-IMOU.
sku_1384,IPC-F42-D-IMOU
sku_1385,IPC-F42-D-IMOU.
sku_1386,IPC-F42FE-D-IMOU
sku_1387,IPC-F42FE-D-IMOU.
sku_1388,IPC-F42FE-IMOU
sku_1389,IPC-F42F-IMOU
sku_1390,IPC-F42-IMOU
sku_1391,IPC-F88FI-V2-IMOU
sku_1392,IPC-F88FI-V2-IMOU.
sku_1393,IPC-G22-IMOU
sku_1394,IPC-G26
sku_1395,IPC-G26E-IMOU
sku_1396,IPC-GK2C-3C0WR-IMOU
sku_1397,IPC-GK2C-3C1WR-IMOU
sku_1398,IPC-GK2C-4C0WR-IMOU
sku_1399,IPC-GK2C-4C1WR-IMOU
sku_1400,IPC-GS2D-3K0W-IMOU
sku_1401,IPC-GS7E-3M0WE-IMOU
sku_1402,IPC-GS7E-5M0WE-IMOU
sku_1403,IPC-HDBW1230E-S5
sku_1404,IPC-HDBW1230R-ZS-S5
sku_1405,IPC-HDBW1431E
sku_1406,IPC-HDBW1431E-S4
sku_1407,IPC-HDBW1431R-ZS-S4
sku_1408,IPC-HDBW1831R-S
sku_1409,IPC-HDBW2230E-S-S2
sku_1410,IPC-HDBW2231E-S-S2
sku_1411,IPC-HDBW2231R-ZS
sku_1412,IPC-HDBW2231R-ZS-S2
sku_1413,IPC-HDBW2241E-S
sku_1414,IPC-HDBW2241R-ZS
sku_1415,IPC-HDBW2431E-S-S2
sku_1416,IPC-HDBW2431R-ZAS-S2
sku_1417,IPC-HDBW2441E-S
sku_1418,IPC-HDBW2441R-ZAS
sku_1419,IPC-HDBW2541R-ZAS
sku_1420,IPC-HDBW2831E-S-S2
sku_1421,IPC-HDBW2831R-ZAS
sku_1422,IPC-HDBW2831R-ZAS-S2
sku_1423,IPC-HDBW2841E-S
sku_1424,IPC-HDBW2841R-ZAS
sku_1425,IPC-HDBW3441E-S-S2
sku_1426,IPC-HDBW3441F-AS-S2
sku_1427,IPC-HDBW3441R-AS-P
sku_1428,IPC-HDBW3441R-ZAS
sku_1429,IPC-HDBW3441R-ZAS-S2
sku_1430,IPC-HDBW3841R-ZAS
sku_1431,IPC-HDBW3841R-ZAS-S2
sku_1432,IPC-HDBW4231F-M-S2
sku_1433,IPC-HDBW5231E-Z
sku_1434,IPC-HDBW5231E-ZE
sku_1435,IPC-HDBW5231R-ZE
sku_1436,IPC-HDBW5241E-ZE
sku_1437,IPC-HDBW5449R1-ZE-LE
sku_1438,IPC-HDBW5541E-ZE
sku_1439,IPC-HDBW5831E-ZE
sku_1440,IPC-HDBW5842E-ZE-S2
sku_1441,IPC-HDW1220S-S3
sku_1442,IPC-HDW1230S-28-S2
sku_1443,IPC-HDW1230T1-S4
sku_1444,IPC-HDW1230T1-S5
sku_1445,IPC-HDW1239T1-IL
sku_1446,IPC-HDW1239T1-LED-S5
sku_1447,IPC-HDW1239V-A-IL
sku_1448,IPC-HDW1431S
sku_1449,IPC-HDW1431T1-A-S6
sku_1450,IPC-HDW1431T1-S4
sku_1451,IPC-HDW1431T1-S6
sku_1452,IPC-HDW1439T1-A-LED
sku_1453,IPC-HDW1439T1-LED-S4
sku_1454,IPC-HDW1439V-A-IL
sku_1455,IPC-HDW1530T-S6
sku_1456,IPC-HDW1639T-A-IL
sku_1457,IPC-HDW1830T-S6
sku_1458,IPC-HDW1839T-A-IL
sku_1459,IPC-HDW2230T-AS-S2
sku_1460,IPC-HDW2231T-AS-S2
sku_1461,IPC-HDW2239T-AS-LED
sku_1462,IPC-HDW2241T-S
sku_1463,IPC-HDW2249T-S-IL
sku_1464,IPC-HDW2431TM-AS-S2
sku_1465,IPC-HDW2439T-AS-LED
sku_1466,IPC-HDW2441TM-S
sku_1467,IPC-HDW2441T-S
sku_1468,IPC-HDW2449T-S-IL
sku_1469,IPC-HDW2449T-S-LED
sku_1470,IPC-HDW2449T-ZS-IL
sku_1471,IPC-HDW2541T-S
sku_1472,IPC-HDW2849T-S-IL
sku_1473,IPC-HDW3249H-AS-PV
sku_1474,IPC-HDW3441EM-S-S2
sku_1475,IPC-HDW3441T-ZAS
sku_1476,IPC-HDW3449H-AS-PV
sku_1477,IPC-HDW3449H-ZAS-PV
sku_1478,IPC-HDW3849H-AS-PV
sku_1479,IPC-HDW3849H-ZAS-PV
sku_1480,IPC-HDW4231EM-ASE
sku_1481,IPC-HDW4431EM-ASE
sku_1482,IPC-HDW4841EM-S
sku_1483,IPC-HDW5449H-ZE-LED
sku_1484,IPC-HDW8341X-3D
sku_1485,IPC-HFW1230DT-STW
sku_1486,IPC-HFW1230S1-S4
sku_1487,IPC-HFW1230S1-S5
sku_1488,IPC-HFW1230S1-S6
sku_1489,IPC-HFW1230T1-ZS-S5
sku_1490,IPC-HFW1239S1-LED-S5
sku_1491,IPC-HFW1239TL1-A-IL
sku_1492,IPC-HFW1431S
sku_1493,IPC-HFW1431S1-A-S6
sku_1494,IPC-HFW1431S1-S4
sku_1495,IPC-HFW1431S1-S6
sku_1496,IPC-HFW1431T1-ZS-S4
sku_1497,IPC-HFW1439DQ-PV-STW
sku_1498,IPC-HFW1439S1-A-LED
sku_1499,IPC-HFW1439TL1-A-IL
sku_1500,IPC-HFW1530S-S6
sku_1501,IPC-HFW1830S-S6
sku_1502,IPC-HFW1831E
sku_1503,IPC-HFW1839TC-A-IL
sku_1504,IPC-HFW2230S-S-S2
sku_1505,IPC-HFW2231S-S-S2
sku_1506,IPC-HFW2231T-ZS-S2
sku_1507,IPC-HFW2239S-SA-LED
sku_1508,IPC-HFW2241S-S
sku_1509,IPC-HFW2241T-ZS
sku_1510,IPC-HFW2249S-S-IL
sku_1511,IPC-HFW2431DG-4G-S
sku_1512,IPC-HFW2431S-S-S2
sku_1513,IPC-HFW2431T-ZAS-S2
sku_1514,IPC-HFW2431T-ZS-S2
sku_1515,IPC-HFW2439M-AS-LED
sku_1516,IPC-HFW2441S-S
sku_1517,IPC-HFW2441T-ZAS
sku_1518,IPC-HFW2441T-ZS
sku_1519,IPC-HFW2449M-AS-LED
sku_1520,IPC-HFW2449S-S-IL
sku_1521,IPC-HFW2449T-AS-IL
sku_1522,IPC-HFW2449T-ZAS-IL
sku_1523,IPC-HFW2541E-S
sku_1524,IPC-HFW2541S-S
sku_1525,IPC-HFW2541T-ZAS
sku_1526,IPC-HFW2831S-S-S2
sku_1527,IPC-HFW2831T-ZAS-S2
sku_1528,IPC-HFW2841S-S
sku_1529,IPC-HFW2841T-ZAS
sku_1530,IPC-HFW2849T-AS-IL
sku_1531,IPC-HFW3241DF-AS-4G
sku_1532,IPC-HFW3249T1-AS-PV
sku_1533,IPC-HFW3441E-SA
sku_1534,IPC-HFW3441E-S-S2
sku_1535,IPC-HFW3441T-ZAS
sku_1536,IPC-HFW3441T-ZAS-S2
sku_1537,IPC-HFW3449T1-AS-PV
sku_1538,IPC-HFW3449T1-ZAS-PV
sku_1539,IPC-HFW3549T1-AS-PV
sku_1540,IPC-HFW3841T-ZAS
sku_1541,IPC-HFW3841T-ZAS-S2
sku_1542,IPC-HFW3849T1-AS-PV
sku_1543,IPC-HFW3849T1-ZAS-PV
sku_1544,IPC-HFW4231E-SE
sku_1545,IPC-HFW4431E-SE
sku_1546,IPC-HFW5231E-ZE
sku_1547,IPC-HFW5241E-ZE
sku_1548,IPC-HFW5241T-ASE
sku_1549,IPC-HFW5431E-ZE
sku_1550,IPC-HFW5442E-Z4E
sku_1551,IPC-HFW5442E-ZE
sku_1552,IPC-HFW5449T1-ZE-LED
sku_1553,IPC-HFW5541E-ZE
sku_1554,IPC-HFW5541T-ASE
sku_1555,IPC-HFW5831E-ZE
sku_1556,IPC-HFW5842E-ZE
sku_1557,IPC-HFW5842E-ZE-S2
sku_1558,IPC-HFW71242H-Z
sku_1559,IPC-HFW8231E-Z
sku_1560,IPC-HFW8331E-Z
sku_1561,IPC-HUM4231
sku_1562,IPC-HUM4231-S2
sku_1563,IPC-HUM4231S-L4
sku_1564,IPC-K22-IMOU
sku_1565,IPC-K2E-3H1W-IMOU
sku_1566,IPC-K2E-4H1W-IMOU
sku_1567,IPC-K2E-5H2W-IMOU
sku_1568,IPC-K35
sku_1569,IPC-K3D-3H0WF-IMOU
sku_1570,IPC-K3D-5H0WF-IMOU
sku_1571,IPC-K46
sku_1572,IPC-K7C-3H1WE-IMOU
sku_1573,IPC-K7C-5H1WE-IMOU
sku_1574,IPC-K9E-3T0WE-IMOU
sku_1575,IPC-K9EC-3T0WE/FSP12
sku_1576,IPC-L26-IMOU
sku_1577,IPC-L26-IMOU.
sku_1578,IPC-PDBW8800
sku_1579,IPC-PDW3849-A180
sku_1580,IPC-PFW3849S-A180-AS
sku_1581,IPC-PFW8601
sku_1582,IPC-PFW8802-A180
sku_1583,IPC-PFW8840-A180-E4
sku_1584,IPC-S21FE-IMOU
sku_1585,IPC-S21FE-IMOU.
sku_1586,IPC-S21F-IMOU
sku_1587,IPC-S21F-IMOU.
sku_1588,IPC-S22F-IMOU
sku_1589,IPC-S22F-IMOU.
sku_1590,IPC-S2X-10M0WED-IMOU
sku_1591,IPC-S2X-6M0WED-IMOU
sku_1592,IPC-S3E-3M0WE-IMOU
sku_1593,IPC-S3E-5M0WE-IMOU
sku_1594,IPC-S41FE-IMOU
sku_1595,IPC-S41F-IMOU
sku_1596,IPC-S41F-IMOU.
sku_1597,IPC-S42F-D-IMOU
sku_1598,IPC-S42F-D-IMOU.
sku_1599,IPC-S42F-IMOU
sku_1600,IPC-S6D-3M0WEB-IMOU
sku_1601,IPC-S6D-5M0WEB-IMOU
sku_1602,IPC-S7X-10M0WED-IMOU
sku_1603,IPC-S7X-6M0WED-IMOU
sku_1604,IPC-S7X-8M0WED-IMOU
sku_1605,IPC-T1A30
sku_1606,IPC-T1B40
sku_1607,IPC-T22A-IMOU
sku_1608,IPC-T26E-IMOU
sku_1609,IPC-T26E-IMOU.
sku_1610,IPC-TA22C-D-IMOU
sku_1611,IPC-TA22C-D-IMOU.
sku_1612,IPC-TA22C-G-IMOU
sku_1613,IPC-TA42-B-IMOU
sku_1614,IPC-TA42-D-IMOU
sku_1615,IPC-TA42-D-IMOU.
sku_1616,IS-5AC
sku_1617,ITC215-PW4I-IRLZF
sku_1618,ITC215-PW6MIRLZF
sku_1619,ITC413-PW4D-IZ1
sku_1620,IV-LR9035-40WLF
sku_1621,IVSS7108-1M
sku_1622,JACK FAP
sku_1623,JE3001IV
sku_1624,JE3001WH
sku_1625,JE3002WH
sku_1626,JE3003WH
sku_1627,JE301/WH
sku_1628,JE302/WH
sku_1629,JE315A-C6/WH
sku_1630,JE315A-CE/WH
sku_1631,JE317A-V1/WH
sku_1632,JE317A-V2/WH
sku_1633,JE317A-V4/WH
sku_1634,JE317-H2/IV-NU
sku_1635,JE318/WH
sku_1636,K2-K(W)-B-IMOU.
sku_1637,KB12120F2
sku_1638,KB1250
sku_1639,KB1270
sku_1640,KB1290F2
sku_1641,KBD1000
sku_1642,KBL12260
sku_1643,KCC-550
sku_1644,KD2A-K(S)-IMOU.
sku_1645,KDROP-1-100-APC
sku_1646,KDROP-1-130-APC
sku_1647,KDROP-1-150-APC
sku_1648,KDROP-1-60-APC
sku_1649,KDROP-1-80-APC
sku_1650,KDROP-2.G657A1
sku_1651,KDROP-4.G657A1
sku_1652,KIT 2 VENT.
sku_1653,KIT 4 VENT.
sku_1654,KIT-IP-WIFI-4C4CH
sku_1655,KIT-NVR4CH-2B-2D
sku_1656,KIT-NVR4CH-4BUL
sku_1657,KIT-NVR4CH-4DOM
sku_1658,KIT-NVR-W-4CH
sku_1659,KIT-SOLAR-BULLET
sku_1660,KIT-SOLAR-PTZ
sku_1661,KIT-VDP-ANALOG
sku_1662,KIT-WA1001-300/1-B26
sku_1663,KIT-XVR2C4CH-1TB
sku_1664,KIT-XVR4C8CH-1TB-28
sku_1665,KIT-XVR4C8CH-1TB-I
sku_1666,KIT-XVR4C8CH-1TB-IL
sku_1667,KIT-XVR8C8CH-1TB
sku_1668,KIT-XVR8C8CH-1TB-28
sku_1669,KIT-XVR8C8CH-1TB-I
sku_1670,KIT-XVR8C8CH-1TB-IL
sku_1671,KIT-XVR-8CH8C-36
sku_1672,KJ38-C6A-US/BKN
sku_1673,KJ38-C6A-US/BLN
sku_1674,KJ38-C6A-US/WHN
sku_1675,KJ7-CE-FS
sku_1676,KJ7-CE-US/BKN
sku_1677,KJ7-CE-US/BLN
sku_1678,KJ7-CE-US/GNN
sku_1679,KJ7-CE-US/IVN
sku_1680,KJ7-CE-US/RDN
sku_1681,KJ7-CE-US/WHN
sku_1682,KJ88-C6-US/BK
sku_1683,KJ88-C6-US/BL
sku_1684,KJ88-C6-US/WH
sku_1685,KJ8-C6-US/BKN
sku_1686,KJ8-C6-US/BLN
sku_1687,KJ8-C6-US/IVN
sku_1688,KJ8-C6-US/RDN
sku_1689,KJ8-C6-US/WHN
sku_1690,KJ8-CE-US/BKN
sku_1691,KJ8-CE-US/BLN
sku_1692,KJ8-CE-US/IVN
sku_1693,KJ8-CE-US/RDN
sku_1694,KJ8-CE-US/WHN
sku_1695,KJ-P48-M
sku_1696,KL110
sku_1697,KL120
sku_1698,KL130
sku_1699,KOC-125
sku_1700,KOC-250
sku_1701,KP115
sku_1702,KTA02
sku_1703,KTA02M
sku_1704,KTA03M
sku_1705,KTA04
sku_1706,KTP01(S)
sku_1707,KTP01L(S)
sku_1708,KTP02
sku_1709,KTP03
sku_1710,KTW01
sku_1711,KTW02
sku_1712,KTX01(S)
sku_1713,KUE-RT03-NB8
sku_1714,KUKS M6-PE
sku_1715,KUKS M8-PE
sku_1716,KUKS-RT01
sku_1717,KUKS-RT02
sku_1718,KUKS-RT03
sku_1719,KUKS-T01K-WB
sku_1720,KUKS-T02K-WB
sku_1721,KUKS-T03K-WB
sku_1722,KUKS-T10K-WB
sku_1723,L009UIGS-RM
sku_1724,LAP-120
sku_1725,LAP-GPS
sku_1726,LB120
sku_1727,LBE-5AC-GEN2
sku_1728,LBE-M5-23
sku_1729,LCH65-MC410-B
sku_1730,LEDFLOOD100W-LF
sku_1731,LEDFLOOD200W-LF
sku_1732,LEDFLOOD50W-LF
sku_1733,LEDPAN-48W30*1203CCT
sku_1734,LEDPAN-48W-3CCT
sku_1735,LEDPAN-48WA30*120-LF
sku_1736,LEDPAN-48WA30*120-LN
sku_1737,LEDPAN-48WA-LF
sku_1738,LEDPAN-48WA-LN
sku_1739,LEDPAN-48WSLIM312-LF
sku_1740,LEDPAN-48WSLIM-LF
sku_1741,LEDPAN-48WSLIM-LN
sku_1742,LEDST-10A
sku_1743,LEDST5M-12VLC
sku_1744,LEDST5M-72WLC
sku_1745,LEDST5M-72WLF
sku_1746,LEDST5M-72WLN
sku_1747,LEDST5M-72WRGB
sku_1748,LENCO-ADF-12WLC
sku_1749,LENCO-ADF-12WLF
sku_1750,LENCO-ADF-18WLC
sku_1751,LENCO-ADF-18WLF
sku_1752,LENCO-ADF-24WLC
sku_1753,LENCO-ADF-24WLF
sku_1754,LENCO-ADF-6WLC
sku_1755,LENCO-ADF-6WLF
sku_1756,LENCO-ADF-CD-12WLC
sku_1757,LENCO-ADF-CD-12WLF
sku_1758,LENCO-ADF-CD-18WLC
sku_1759,LENCO-ADF-CD-18WLF
sku_1760,LENCO-ADF-CD-24WLC
sku_1761,LENCO-ADF-CD-24WLF
sku_1762,LENCO-ADF-CD-6WLF
sku_1763,LM22-B200S
sku_1764,LM22-F200
sku_1765,LM22-H200
sku_1766,LM24-F200
sku_1767,LM32-F200
sku_1768,LM43-F200
sku_1769,LM43-F410
sku_1770,LM43-S400
sku_1771,LM50-F400
sku_1772,LM50-F410
sku_1773,LM55-F400
sku_1774,LM55-S400
sku_1775,LND-6010R-CURSO
sku_1776,LND-6070R/VUS
sku_1777,LNO-6010R/VUS
sku_1778,LOCO5AC
sku_1779,LOCOM2
sku_1780,LOCOM5
sku_1781,LR2110-8ET-120
sku_1782,LS1005
sku_1783,LS1005G
sku_1784,LS1008
sku_1785,LS1008G
sku_1786,LS105G
sku_1787,LS108G
sku_1788,LTU LR
sku_1789,LTU-LITE
sku_1790,LTU-ROCKET
sku_1791,M5350
sku_1792,M7000
sku_1793,M7200
sku_1794,M7350
sku_1795,M7450
sku_1796,M7650
sku_1797,MALETIN-SIST-CONV
sku_1798,MB110-4G
sku_1799,MC100CM
sku_1800,MC110CS
sku_1801,MC111CS
sku_1802,MC112CS
sku_1803,MC1400
sku_1804,MC200CM
sku_1805,MC210CS
sku_1806,MC220L
sku_1807,MC-AF4-AM4-12
sku_1808,MC-AF4-AM4-3
sku_1809,MC-AF4-AM4-6
sku_1810,MCNU-GXF4-GXM4-12
sku_1811,MCNU-GXF4-GXM4-18
sku_1812,MCNU-GXF4-GXM4-3
sku_1813,MCNU-GXF4-GXM4-6
sku_1814,MC-PF3-B3-4
sku_1815,MDT3-36WLF
sku_1816,MDT3-45WLF
sku_1817,ME30
sku_1818,MH-1
sku_1819,MH-2
sku_1820,MH-PL6WD-MALF
sku_1821,MICSD64GB-TAPO
sku_1822,MLCDF7-E
sku_1823,MNG-ADF-16WAZLF
sku_1824,MNG-ADF-16WMRLF
sku_1825,MNG-ADF-24WAZLF
sku_1826,MNG-ADF-24WMRLF
sku_1827,MNG-ADF-6WAZLF
sku_1828,MNG-ADF-6WMRLF
sku_1829,MPT320
sku_1830,MR20
sku_1831,MR30G
sku_1832,MR50G
sku_1833,MR70X
sku_1834,MR80X
sku_1835,MS105
sku_1836,MS105G
sku_1837,MS105GP
sku_1838,MS108
sku_1839,MS108G
sku_1840,MS108GP
sku_1841,MS110P
sku_1842,MTAD-5G-30D3
sku_1843,MTFIBER
sku_1844,MU5-B/BK
sku_1845,MU5-B/WH
sku_1846,MU6H
sku_1847,MW150US
sku_1848,MW300RE
sku_1849,MW300UH
sku_1850,MW300UM
sku_1851,MW301R
sku_1852,MW302R
sku_1853,MW305R
sku_1854,MW306R
sku_1855,MW325R
sku_1856,MW330HP
sku_1857,MX-EX2028PXA-U
sku_1858,MXVR1004
sku_1859,MXVR1004-GF
sku_1860,MXVR1004-GFI
sku_1861,MXVR4104-GFI
sku_1862,MXVR4104-GFW
sku_1863,MXVR4104-GFWI
sku_1864,N3
sku_1865,NBE-5AC-GEN2
sku_1866,NBE-M5-16
sku_1867,NBE-WMK
sku_1868,NKB1000
sku_1869,NKB1000-E
sku_1870,NKB5000-F
sku_1871,NPC06UVDB-BK003F
sku_1872,NPC06UVDB-BK007F
sku_1873,NPC06UVDB-BK010F
sku_1874,NPC06UVDB-BL003F
sku_1875,NPC06UVDB-BL007F
sku_1876,NPC06UVDB-BL010F
sku_1877,NPC06UVDB-RD003F
sku_1878,NPC06UVDB-RD007F
sku_1879,NPC06UZDB-BK001M
sku_1880,NPC06UZDB-BK002M
sku_1881,NPC06UZDB-BK003M
sku_1882,NPC06UZDB-BL001M
sku_1883,NPC06UZDB-BL002M
sku_1884,NPC06UZDB-BL003M
sku_1885,NPC06UZDB-RD001M
sku_1886,NPC06UZDB-RD002M
sku_1887,NPC06UZDB-RD003M
sku_1888,NPC06UZDB-WT001M
sku_1889,NPC06UZDB-WT002M
sku_1890,NPC06UZDB-WT003M
sku_1891,NPC6ASZDB-BK001M
sku_1892,NPC6ASZDB-BK002M
sku_1893,NPC6ASZDB-BK003M
sku_1894,NPC6ASZDB-BL001M
sku_1895,NPC6ASZDB-BL002M
sku_1896,NPC6ASZDB-BL003M
sku_1897,NPC6ASZDB-GY001M
sku_1898,NPC6ASZDB-GY002M
sku_1899,NPC6ASZDB-RD001M
sku_1900,NPC6ASZDB-RD002M
sku_1901,NPC6ASZDB-RD003M
sku_1902,NS-5021
sku_1903,NS-5AC
sku_1904,NS-5ACL
sku_1905,NST-8
sku_1906,NVD0405DH-2I-4K
sku_1907,NVD0905DH-4I-4K
sku_1908,NVR1104HS-P-S3/H
sku_1909,NVR1104HS-S3/H
sku_1910,NVR1104HS-W-S2-IMOU
sku_1911,NVR1104HS-W-S2-IMOU.
sku_1912,NVR1108HS-8P-S3/H
sku_1913,NVR1108HS-S3/H
sku_1914,NVR1108HS-W-S2-IMOU
sku_1915,NVR1108HS-W-S2-IMOU.
sku_1916,NVR2104-4KS3
sku_1917,NVR2104HS-4KS2
sku_1918,NVR2104HS-I
sku_1919,NVR2104HS-I2
sku_1920,NVR2104HS-P-4KS2
sku_1921,NVR2104HS-P-I
sku_1922,NVR2104HS-P-I2
sku_1923,NVR2104HS-P-S2
sku_1924,NVR2104HS-S2
sku_1925,NVR2104HS-W-4KS2
sku_1926,NVR2108-4KS3
sku_1927,NVR2108HS-4KS2
sku_1928,NVR2108HS-8P-4KS3
sku_1929,NVR2108HS-8P-I
sku_1930,NVR2108HS-8P-I2
sku_1931,NVR2108HS-I
sku_1932,NVR2108HS-I2
sku_1933,NVR2108HS-S2
sku_1934,NVR4108HS-4KS2/L
sku_1935,NVR4108HS-4KS3
sku_1936,NVR4108HS-EI
sku_1937,NVR4116HS-4KS2/L
sku_1938,NVR4116HS-4KS3
sku_1939,NVR4116HS-EI
sku_1940,NVR4208-4KS2
sku_1941,NVR4208-4KS2/L
sku_1942,NVR4208-4KS3
sku_1943,NVR4208-8P-4KS2
sku_1944,NVR4208-8P-4KS2/L
sku_1945,NVR4208-8P-4KS3
sku_1946,NVR4216-16P-4KS2/L
sku_1947,NVR4216-16P-4KS3
sku_1948,NVR4216-4KS2/L
sku_1949,NVR4216-4KS3
sku_1950,NVR4216-I
sku_1951,NVR4232-16P-4KS2/L
sku_1952,NVR4232-16P-4KS3
sku_1953,NVR4232-4KS2/L
sku_1954,NVR4232-4KS3
sku_1955,NVR4416-16P-4KS2/I
sku_1956,NVR4432-16P-EI
sku_1957,NVR4432-4KS2
sku_1958,NVR4432-4KS2/I
sku_1959,NVR4432-EI
sku_1960,NVR5208-4KS2
sku_1961,NVR5208-8P-4KS2E
sku_1962,NVR5208-8P-EI
sku_1963,NVR5208-EI
sku_1964,NVR5216-16P-4KS2E
sku_1965,NVR5216-16P-EI
sku_1966,NVR5216-16P-I
sku_1967,NVR5216-4KS2
sku_1968,NVR5216-8P-I
sku_1969,NVR5216-8P-I/L
sku_1970,NVR5216-EI
sku_1971,NVR5232-4KS2
sku_1972,NVR5232-EI
sku_1973,NVR5416-16P-4KS2E
sku_1974,NVR5416-16P-EI
sku_1975,NVR5416-4KS2
sku_1976,NVR5416-EI
sku_1977,NVR5424-24P-4KS2
sku_1978,NVR5424-24P-EI
sku_1979,NVR5432-16P-4KS2E
sku_1980,NVR5432-16P-EI
sku_1981,NVR5432-16P-I/L
sku_1982,NVR5432-4KS2
sku_1983,NVR5432-EI
sku_1984,NVR5816-4KS2
sku_1985,NVR5832-16P-4KS2E
sku_1986,NVR5832-4KS2
sku_1987,NVR5832-EI
sku_1988,NVR5864-4KS2
sku_1989,NVR5864-EI
sku_1990,NVR5864-I/L
sku_1991,NVR608-32-4KS2
sku_1992,NVR608-64-4KS2
sku_1993,NVR608H-32-XI
sku_1994,NVR608H-64-XI
sku_1995,NVR616R-128-4KS2
sku_1996,NVR616RH-128-XI
sku_1997,OC200
sku_1998,OC300
sku_1999,ODF-144L
sku_2000,ODF-24AC
sku_2001,ODF-24C
sku_2002,ODF-48AC
sku_2003,ODF-48C
sku_2004,ODF-96C
sku_2005,ODF-96L
sku_2006,ORDE 1
sku_2007,ORDE 2RU
sku_2008,ORDE VERT F/P
sku_2009,ORDE VERT F/P-42RU
sku_2010,P1201-08
sku_2011,P1201-16
sku_2012,P2.6404.9001
sku_2013,P2.6406.9001
sku_2014,P2.6409.9001
sku_2015,P2.6412.9001
sku_2016,P2.6415.9001
sku_2017,P2.6418.9001
sku_2018,P2.6422.9001
sku_2019,P2.6427.9001
sku_2020,P24T-K11-C6C/BK
sku_2021,P24T-K11-CEC/BK
sku_2022,P3AE-PV
sku_2023,P3B-PV
sku_2024,P3D-3F-PV
sku_2025,P48T-K11-C6C/BK
sku_2026,P48T-K11-CEC/BK
sku_2027,P5AE-PV
sku_2028,P5B-PV
sku_2029,P5D-5F-PV
sku_2030,PB50
sku_2031,PB88502X
sku_2032,PB88502X-CN
sku_2033,PBE-5AC-500
sku_2034,PBE-5AC-620
sku_2035,PBE-5AC-GEN2
sku_2036,PBE-5AC-ISO-GEN2
sku_2037,PBE-M5-300
sku_2038,PBE-M5-400
sku_2039,PD.0801.9001
sku_2040,PFA102
sku_2041,PFA114
sku_2042,PFA120-SG
sku_2043,PFA121
sku_2044,PFA12A
sku_2045,PFA12C
sku_2046,PFA130-E
sku_2047,PFA137
sku_2048,PFA139
sku_2049,PFA140
sku_2050,PFA150
sku_2051,PFA151
sku_2052,PFA152-E
sku_2053,PFB121W
sku_2054,PFB122W
sku_2055,PFB203W
sku_2056,PFB300C
sku_2057,PFB302S
sku_2058,PFB303W
sku_2059,PFM110
sku_2060,PFM111
sku_2061,PFM320
sku_2062,PFM320-010US
sku_2063,PFM320-020US
sku_2064,PFM321D
sku_2065,PFM325D-1210US
sku_2066,PFM340-5CH
sku_2067,PFM341-9CH
sku_2068,PFM343-19CH
sku_2069,PFM344D-4CH-US
sku_2070,PFM344D-8CH-US
sku_2071,PFM372-L45-4S14P
sku_2072,PFM372-LS20-H
sku_2073,PFM700-E
sku_2074,PFM710
sku_2075,PFM800-4K
sku_2076,PFM800-E
sku_2077,PFM801-4MP
sku_2078,PFM802
sku_2079,PFM811-C
sku_2080,PFM820
sku_2081,PFM885-I
sku_2082,PFM900-E
sku_2083,PFM904
sku_2084,PFM905
sku_2085,PFM906
sku_2086,PFM906-E
sku_2087,PFM907-E
sku_2088,PFM920I-5EUN
sku_2089,PFM920I-6UN-C
sku_2090,PFS3006-4ET-36
sku_2091,PFS3006-4ET-60
sku_2092,PFS3008-8GT-L
sku_2093,PFS3009-8ET-96
sku_2094,PFS3010-8ET-96
sku_2095,PFS3010-8GT-96
sku_2096,PFS3016-16GT
sku_2097,PFS3016-16GT-190
sku_2098,PFS3106-4ET-60
sku_2099,PFS3106-4P-60
sku_2100,PFS3110-8ET-96
sku_2101,PFS3110-8P-96
sku_2102,PFS3218-16ET-135
sku_2103,PFS3220-16GT-190
sku_2104,PFS3226-24ET-240
sku_2105,PFS3228-24GT-360
sku_2106,PFS4206-4P-96
sku_2107,PFS4210-8GT-DP
sku_2108,PFS4218-16ET-190
sku_2109,PFS4218-16ET-240
sku_2110,PFS4218-16GT-190
sku_2111,PFS4218-16GT-240
sku_2112,PFS4226-24ET-240
sku_2113,PFS4226-24ET-360
sku_2114,PFS4226-24GT-230
sku_2115,PFS4226-24GT-240
sku_2116,PFS4428-24GT-370
sku_2117,PFS5452-48GT4XF-400
sku_2118,PFT1200
sku_2119,PFT1300
sku_2120,PIGTAIL SC/APC
sku_2121,PJ88502X
sku_2122,PJ88502X-CN
sku_2123,PKJ24-C6-A/BK
sku_2124,PL-E600PEUA-RW
sku_2125,PLF-SNSR20WLC
sku_2126,PLF-SNSR20WLF
sku_2127,PLT12-C+
sku_2128,PNLHL-24WLC
sku_2129,PNLHL-24WLF
sku_2130,PNLHL-36WLC
sku_2131,PNLHL-36WLF
sku_2132,PNLHL-48WLC
sku_2133,PNLHL-48WLF
sku_2134,PNLNGRO-18WLC
sku_2135,PNLNGRO-18WLF
sku_2136,PNLNGRO-24WLC
sku_2137,PNLNGRO-24WLF
sku_2138,PNO-A9081R
sku_2139,POE150S
sku_2140,POE160S
sku_2141,POE170S
sku_2142,POE-24-12W
sku_2143,POE-24-12W-G
sku_2144,POE-24-24W
sku_2145,POE-24-7W-G-WH
sku_2146,POE-24-AF5X
sku_2147,POE-48-24W
sku_2148,POE-48-24W-G
sku_2149,POWEREDGE R440
sku_2150,PPAJ-12W
sku_2151,PPAJ-18W
sku_2152,PPAJ-24W
sku_2153,PPBL-12WLC
sku_2154,PPBL-12WLF
sku_2155,PPBL-12WLN
sku_2156,PPBL-18WLC
sku_2157,PPBL-18WLF
sku_2158,PPBL-18WLN
sku_2159,PPBL-24WLC
sku_2160,PPBL-24WLF
sku_2161,PPBL-24WLN
sku_2162,PPBL-30WLC
sku_2163,PPBL-30WLF
sku_2164,PPBL-30WLN
sku_2165,PPCD-12WLF
sku_2166,PPCD-18WLF
sku_2167,PPCD-30WLF
sku_2168,PPKJ24
sku_2169,PR88505E
sku_2170,PR88505E-CN
sku_2171,PRS8850-F
sku_2172,PRS8850-F-CN
sku_2173,PS-6100-30-06-DP
sku_2174,PSC/APC
sku_2175,PSC/APC-H
sku_2176,PSC/UPC
sku_2177,PSDW83242M-A360-D8
sku_2178,PSU-AC-C300
sku_2179,PT-LC/APC
sku_2180,PT-LC/APC-1.5
sku_2181,PT-LC/UPC
sku_2182,PT-LC/UPC-1.5
sku_2183,PTZ12240-IRB-N
sku_2184,PY-EXT01-5WLC
sku_2185,PY-EXT01-5WLF
sku_2186,PY-EXT02-8WLC
sku_2187,PY-EXT02-8WLF
sku_2188,PY-EXT03-12WLC
sku_2189,PY-EXT03-12WLF
sku_2190,PY-EXT04-10WLC
sku_2191,PY-EXT05-10WLC
sku_2192,PY-EXT06-3WLC
sku_2193,PY-EXT06-3WLF
sku_2194,PY-EXT07-6WLC
sku_2195,PY-EXT07-6WLF
sku_2196,PY-EXT08-3WLC
sku_2197,PY-EXT08-3WLF
sku_2198,PY-EXT09-3WLC
sku_2199,PY-EXT09-3WLF
sku_2200,PY-EXT10-7WLC
sku_2201,PY-EXT10-7WLF
sku_2202,PY-EXT11-15WLC
sku_2203,PY-EXT11-15WLF
sku_2204,PY-EXT12-15WLC
sku_2205,PY-EXT12-15WLF
sku_2206,PY-EXT13-08WLC
sku_2207,PY-EXT14-18WLC
sku_2208,PY-EXT15-20WLC
sku_2209,PY-EXT16-20WLC
sku_2210,PY-EXT17-20WLC
sku_2211,Q+85MP01D
sku_2212,R5AC-LITE
sku_2213,RACK-PE 2.10
sku_2214,RB 2011L
sku_2215,RB 450
sku_2216,RB1100DX4
sku_2217,RB1100X4
sku_2218,RB1100XAH4
sku_2219,RB2011UIAS-RM
sku_2220,RB3011UIAS-RM
sku_2221,RB4011IGS+RM
sku_2222,RB5009UG+S+IN
sku_2223,RB750GR3
sku_2224,RB750P-PBR2
sku_2225,RB750R2
sku_2226,RB750UPR2
sku_2227,RB760IGS
sku_2228,RB912UAG-5HPND
sku_2229,RB921GS-5HPACD-15S
sku_2230,RB921GS-5HPACD-19S
sku_2231,RB921UAGS-5SHPACD-NM
sku_2232,RB921UAGS-5SHPACT-NM
sku_2233,RB941-2ND
sku_2234,RB941-2ND-TC
sku_2235,RB951G-2HND
sku_2236,RB951UI-2HND
sku_2237,RB951UI-2ND
sku_2238,RB952UI-5AC2ND-TC
sku_2239,RB962UIGS-5HACT2HNT
sku_2240,RBCAPGI-5ACD2ND
sku_2241,RBCAPGI-5ACD2ND-XL
sku_2242,RBD52G-5HACD2HND-TC
sku_2243,RBDISC-5ND
sku_2244,RBDYNADISHG-5HACD
sku_2245,RBLDF-5ND
sku_2246,RBLDFG-5ACD
sku_2247,RBLHG-5HPND
sku_2248,RBLHG-5HPND-XL
sku_2249,RBLHG-5ND
sku_2250,RBMETALG-52SHPACN
sku_2251,RBOMNITIKPG-5HACD
sku_2252,RBSXTG-5HPND-SAR2
sku_2253,RBSXTSQ5HPND
sku_2254,RBSXTSQ5ND
sku_2255,RBWAPR-2ND&R11E-4G
sku_2256,RD-5G30
sku_2257,RD-5G30-LW
sku_2258,RD-5G31-AC
sku_2259,RD-5G34
sku_2260,RE200
sku_2261,RE205
sku_2262,RE300
sku_2263,RE305
sku_2264,RE315
sku_2265,RE450
sku_2266,RE500X
sku_2267,RE505X
sku_2268,RE550
sku_2269,RE600X
sku_2270,RE605X
sku_2271,RE650
sku_2272,REFSLIM-100WLF
sku_2273,REFSLIM-200WLF
sku_2274,REFSLIM-300WLF
sku_2275,REFSLIM-50WLC
sku_2276,REFSLIM-50WLF
sku_2277,REGLE-S-10-N
sku_2278,REGLE-S-15-N
sku_2279,REGLE-S-15-SF
sku_2280,REGLE-U-15-N
sku_2281,RJ45-SP/BK
sku_2282,ROCKETM2
sku_2283,ROCKETM5
sku_2284,RP-5AC-GEN2
sku_2285,RXJ.005
sku_2286,S+2332LC10D
sku_2287,S+85DLC03D
sku_2288,S-31DLC20D
sku_2289,S-3553LC20D
sku_2290,SA.0196.1901
sku_2291,SA.0780.1901
sku_2292,SA.1701.0001
sku_2293,SA.1702.0000
sku_2294,SA.1902.003
sku_2295,SA.3322.0201
sku_2296,SA.3701.0001
sku_2297,SA.4642.0001
sku_2298,SA.4642.3001
sku_2299,SA.5202.0100
sku_2300,SA.6502.0101
sku_2301,SA-T82X18W
sku_2302,SBP-156HMW
sku_2303,SC/APC-10DB
sku_2304,SC/APC-1DB
sku_2305,SC/APC-2DB
sku_2306,SC/APC-5DB
sku_2307,SC-C-APC
sku_2308,SC-C-UPC
sku_2309,SC-SC
sku_2310,SC-SC-AL
sku_2311,SD10A248WA-HNF
sku_2312,SD1A203T-GN
sku_2313,SD22204DB-GC
sku_2314,SD22204DB-GNY
sku_2315,SD22204-GC-LB
sku_2316,SD22204I-GC
sku_2317,SD22204TN-GN
sku_2318,SD22204UE-GN
sku_2319,SD29204UE-G-W
sku_2320,SD2A200-GN-AW-PV
sku_2321,SD2A200HB-GN-A-PV
sku_2322,SD2A200HB-GN-AW-PV
sku_2323,SD2A400HB-GN-AGQ-PV
sku_2324,SD2A500HB-GN-A-PV
sku_2325,SD2A500HB-GN-AW-PV
sku_2326,SD3A205-GNP-PV
sku_2327,SD3C205DB-GNY-A-PV
sku_2328,SD3E405DB-GNY-A-PV1
sku_2329,SD40212IN-HC-S3
sku_2330,SD40215-HC-LA
sku_2331,SD49131IN-HC-S3
sku_2332,SD49225DB-HC
sku_2333,SD49225DB-HNY
sku_2334,SD49225GB-HNR
sku_2335,SD49225-HC-LA
sku_2336,SD49225IN-HC-S3
sku_2337,SD49225TN-HN-W-S2
sku_2338,SD49225XA-HNR
sku_2339,SD49225XA-HNR-S2
sku_2340,SD49425DB-HNY
sku_2341,SD49425GB-HNR
sku_2342,SD49425XB-HNR
sku_2343,SD49425XB-HNR-G
sku_2344,SD49425XB-HNR-S3
sku_2345,SD49825GB-HNR
sku_2346,SD49825XB-HNR
sku_2347,SD4A425DB-HNY
sku_2348,SD4E425GB-HNR-A-PV1
sku_2349,SD50225DB-HC
sku_2350,SD50225DB-HNY
sku_2351,SD50225-HC-LA
sku_2352,SD50225IN-HC-S3
sku_2353,SD50225UN-HNI
sku_2354,SD50230UN-HNI
sku_2355,SD50232XA-HNR
sku_2356,SD50432GB-HNR
sku_2357,SD50432XA-HNR
sku_2358,SD59225DB-HC
sku_2359,SD59225-HC-LA
sku_2360,SD59225IN-HC-S3
sku_2361,SD59230IN-HC-S3
sku_2362,SD59230UN-HNI
sku_2363,SD59232-HC-LA
sku_2364,SD5A225GB-HNR
sku_2365,SD5A225XA-HNR
sku_2366,SD5A232XA-HNR
sku_2367,SD5A232XA-HNR-SL
sku_2368,SD5A232XB-HNR
sku_2369,SD5A432GB-HNR
sku_2370,SD5A432XA-HNR
sku_2371,SD5A432XB-HNR
sku_2372,SD5A445GB-HNR
sku_2373,SD5A445XA-HNR
sku_2374,SD5A825GA-HNR
sku_2375,SD5A825GB-HNR
sku_2376,SD5A825-HNR-YA
sku_2377,SD6AE830V-HNI
sku_2378,SD6AL445XA-HNR-IR
sku_2379,SD6C3425GB-HNR-A-PV1
sku_2380,SD6C3425XB-HNR-A-PV1
sku_2381,SD6C3432GB-HNR-A-PV1
sku_2382,SD6C3432XB-HNR-AGQ-P
sku_2383,SD6CE225I-HC-S3
sku_2384,SD6CE230U-HNI
sku_2385,SD6CE245U-HNI
sku_2386,SD6CE445GB-HNR
sku_2387,SD6CE445XA-HNR
sku_2388,SD8A840-HNF-PA
sku_2389,SD8A840PA-HNF-SL
sku_2390,SD8A840WA-HNF
sku_2391,SD-9
sku_2392,SDT4E425-4F-GB-A-PV1
sku_2393,SDT4E425-8P-GB-APV1
sku_2394,SE-1010
sku_2395,SE-12V10A-9CH
sku_2396,SE-12V1A
sku_2397,SE-12V25A-19CH
sku_2398,SE-12V2A
sku_2399,SE-12V3A
sku_2400,SE-12V5A
sku_2401,SE-CON04
sku_2402,SE-CON04-P10
sku_2403,SE-DC303-P10
sku_2404,SE-DC304-P10
sku_2405,SE-V203
sku_2406,SE-V801
sku_2407,SE-V808
sku_2408,SG.0147.1901
sku_2409,SG.0165.1901
sku_2410,SG.0347.1901
sku_2411,SG.0365.1901
sku_2412,SG.0556.1901
sku_2413,SG.0574.1901
sku_2414,SG2008P
sku_2415,SG2016P
sku_2416,SG2210MP
sku_2417,SG2428P
sku_2418,SG3428
sku_2419,SG3428MP
sku_2420,SG3428X
sku_2421,SG3428XMP
sku_2422,SG3452
sku_2423,SG3452P
sku_2424,SG3452XP
sku_2425,SG6428X
sku_2426,SG6428XHP
sku_2427,SG6654XHP
sku_2428,SG-BL3W-E04-LC
sku_2429,SG-BL3W-E04-LF
sku_2430,SG-BL3W-E04-LFX3
sku_2431,SG-BL5W-E04-LC
sku_2432,SG-BL5W-E04-LF
sku_2433,SG-BL7W-E04-LC
sku_2434,SG-BL7W-E04-LF
sku_2435,SG-DL18W-07-LF
sku_2436,SG-DL18W-07-LF-
sku_2437,SG-DL9W-07-LF
sku_2438,SG-DS14018-8WLC
sku_2439,SG-DS14018-8WLF
sku_2440,SG-DS14018-9WLC
sku_2441,SG-DS14018-9WLF
sku_2442,SG-DS18018-12LC
sku_2443,SG-DS18018-12LF
sku_2444,SG-DS18018-12LN
sku_2445,SG-DS18018ADF-12WLC
sku_2446,SG-DS18018ADF-12WLF
sku_2447,SG-DS18018ADF-18WLC
sku_2448,SG-DS18018ADF-18WLF
sku_2449,SG-DS18018ADF-18WLN
sku_2450,SG-DS18018ADF-24WLC
sku_2451,SG-DS18018ADF-24WLF
sku_2452,SG-DS18018ADF-24WLN
sku_2453,SG-DS18018ADF-6WLC
sku_2454,SG-DS18018ADF-6WLF
sku_2455,SG-DS18018ADF-CD12LC
sku_2456,SG-DS18018ADF-CD12LF
sku_2457,SG-DS18018ADF-CD18LC
sku_2458,SG-DS18018ADF-CD18LF
sku_2459,SG-DS18018ADF-CD24LC
sku_2460,SG-DS18018ADF-CD24LF
sku_2461,SG-DS18018ADF-CD6WLC
sku_2462,SG-DS18018ADF-CD6WLF
sku_2463,SG-DS24018-16LC
sku_2464,SG-DS24018-16LF
sku_2465,SG-DS24018-18LC
sku_2466,SG-DS24018-18LF
sku_2467,SG-DS24018-18LN
sku_2468,SG-DS30019-23LC
sku_2469,SG-DS30019-23LF
sku_2470,SG-DS30019-24LC
sku_2471,SG-DS30019-24LF
sku_2472,SG-DS30019-24LN
sku_2473,SG-LT6W-06-LF
sku_2474,SG-SML10W-05-LC
sku_2475,SG-SML10W-05-LF
sku_2476,SG-SML20W-05-LC
sku_2477,SG-SML20W-05-LF
sku_2478,SG-SML25W-05-LC
sku_2479,SG-SML25W-05-LF
sku_2480,SG-SML42W-05-LC
sku_2481,SG-SML42W-05-LF
sku_2482,SG-SML45W-LC
sku_2483,SG-SML45W-LF
sku_2484,SG-SML45W-LN
sku_2485,SG-SML5W-05-LC
sku_2486,SG-SML5W-05-LF
sku_2487,SG-SML9W-B02LC
sku_2488,SG-SML9W-B02LF
sku_2489,SG-SPOT10W-LC
sku_2490,SG-SPOT10W-LF
sku_2491,SG-SPOT15W
sku_2492,SG-XDL14W-02-LC
sku_2493,SG-XDL14W-02-LF
sku_2494,SG-XDL18W-02-LC
sku_2495,SG-XDL18W-02-LF
sku_2496,SG-XDL24W-02-RGB
sku_2497,SG-XDL7W-02-LC
sku_2498,SG-XDL7W-02-LF
sku_2499,SLD-EB103
sku_2500,SM311LM
sku_2501,SM311LS
sku_2502,SM321A
sku_2503,SM321A-2
sku_2504,SM321B
sku_2505,SM321B-2
sku_2506,SM5110-LR
sku_2507,SM5110-SR
sku_2508,SNA-360-S2
sku_2509,SNA-360-S2-B
sku_2510,SNC-300-S2-B
sku_2511,SNC-300-SL-B
sku_2512,SNC-300-SR-B
sku_2513,SPFRAME-BL
sku_2514,SPFRAME-NG
sku_2515,SR-V11/BKB
sku_2516,SR-V11/BKB-CN
sku_2517,SR-V11/BLB
sku_2518,SR-V11/BLB-CN
sku_2519,SR-V11/RDB
sku_2520,SR-V11/RDB-CN
sku_2521,ST1000VX001
sku_2522,ST2-128-S1-IMOU
sku_2523,ST2-128-S1-IMOU.
sku_2524,ST2-256-S1-IMOU
sku_2525,ST2-256-S1-IMOU.
sku_2526,ST2-32-S1-IMOU
sku_2527,ST2-32-S1-IMOU.
sku_2528,ST2-64-S1-IMOU
sku_2529,ST2-64-S1-IMOU.
sku_2530,ST4000VM000
sku_2531,T1500-28PCT
sku_2532,T1500-28TC
sku_2533,T1500G-10MPS
sku_2534,T1500G-10PS
sku_2535,T1600G-18TS
sku_2536,T1600G-28PS
sku_2537,T1600G-28TS
sku_2538,T1600G-52TS
sku_2539,T1700G-28TQ
sku_2540,T2500-28TC
sku_2541,T2500G-10TS
sku_2542,T2600G-18TS
sku_2543,T2600G-28MPS
sku_2544,T2600G-52TS
sku_2545,TAM1GT1GT-30
sku_2546,TAPO C100
sku_2547,TAPO C110
sku_2548,TAPO C120
sku_2549,TAPO C200
sku_2550,TAPO C210
sku_2551,TAPO C211
sku_2552,TAPO C212
sku_2553,TAPO C220
sku_2554,TAPO C225
sku_2555,TAPO C310
sku_2556,TAPO C320WS
sku_2557,TAPO C325WB
sku_2558,TAPO C500
sku_2559,TAPO C510W
sku_2560,TAPO C520WS
sku_2561,TAPO C720
sku_2562,TAPO H100
sku_2563,TAPO L510E
sku_2564,TAPO L510E-2
sku_2565,TAPO L520E
sku_2566,TAPO L530E
sku_2567,TAPO L530E-2
sku_2568,TAPO L630
sku_2569,TAPO L900-5
sku_2570,TAPO P100
sku_2571,TAPO P100-1
sku_2572,TAPO P105
sku_2573,TAPO P105-1
sku_2574,TAPO P125
sku_2575,TAPO S200D
sku_2576,TAPO S500
sku_2577,TAPO T100
sku_2578,TAPO T110
sku_2579,TAPO T310
sku_2580,TAPO-C200
sku_2581,TC1RU
sku_2582,TC2RU
sku_2583,TC-GND-20
sku_2584,TD-W8961N
sku_2585,TF-C100/64GB
sku_2586,TF-P100/128GB
sku_2587,TF-P100/256GB
sku_2588,TF-P100/32GB
sku_2589,TF-P100/64GB
sku_2590,TG-3468
sku_2591,TL-ER5120
sku_2592,TL-ER604W
sku_2593,TL-FC1420
sku_2594,TL-FC311A-2
sku_2595,TL-FC311A-20
sku_2596,TL-FC311B-2
sku_2597,TL-FC311B-20
sku_2598,TL-MR3020
sku_2599,TL-MR3420
sku_2600,TL-MR6400
sku_2601,TL-MR6400APAC
sku_2602,TL-MR6500V(APAC)
sku_2603,TL-PB10000
sku_2604,TL-PB20000
sku_2605,TL-POE10R
sku_2606,TL-POE150S
sku_2607,TL-POE160S
sku_2608,TL-POE170S
sku_2609,TL-POE200
sku_2610,TL-PS110P
sku_2611,TL-PS110U
sku_2612,TL-PS310U
sku_2613,TL-R470T+
sku_2614,TL-R480T+
sku_2615,TL-SF1005D
sku_2616,TL-SF1005P
sku_2617,TL-SF1008D
sku_2618,TL-SF1008P
sku_2619,TL-SF1009P
sku_2620,TL-SF1016
sku_2621,TL-SF1016D
sku_2622,TL-SF1016DS
sku_2623,TL-SF1024
sku_2624,TL-SF1024D
sku_2625,TL-SF1024M
sku_2626,TL-SF1048
sku_2627,TL-SG1005D
sku_2628,TL-SG1005P
sku_2629,TL-SG1008
sku_2630,TL-SG1008D
sku_2631,TL-SG1008MP
sku_2632,TL-SG1008P
sku_2633,TL-SG1016
sku_2634,TL-SG1016D
sku_2635,TL-SG1016DE
sku_2636,TL-SG1016PE
sku_2637,TL-SG1024
sku_2638,TL-SG1024D
sku_2639,TL-SG1024DE
sku_2640,TL-SG1048
sku_2641,TL-SG105
sku_2642,TL-SG105E
sku_2643,TL-SG105-M2
sku_2644,TL-SG108
sku_2645,TL-SG108 PE
sku_2646,TL-SG108E
sku_2647,TL-SG108PE
sku_2648,TL-SG116
sku_2649,TL-SG1210P
sku_2650,TL-SG1218MP
sku_2651,TL-SG1218MPE
sku_2652,TL-SG2008P
sku_2653,TL-SG2210MP
sku_2654,TL-SG2224WEB
sku_2655,TL-SG2428P
sku_2656,TL-SG3210
sku_2657,TL-SG3424
sku_2658,TL-SG3424P
sku_2659,TL-SG3428
sku_2660,TL-SG3428MP
sku_2661,TL-SG3452
sku_2662,TL-SG3452P
sku_2663,TL-SG3452P-M
sku_2664,TL-SG5412F
sku_2665,TL-SG5426
sku_2666,TL-SL1218MP
sku_2667,TL-SL1218P
sku_2668,TL-SL1351
sku_2669,TL-SL2218
sku_2670,TL-SL2218WEB
sku_2671,TL-SL2452WEB
sku_2672,TL-SL3452
sku_2673,TL-SL5428E
sku_2674,TL-SM311LM
sku_2675,TL-SM311LS
sku_2676,TL-SM321A
sku_2677,TL-SM321A-2
sku_2678,TL-SM321B
sku_2679,TL-SM321B-2
sku_2680,TL-WA1201
sku_2681,TL-WA801N
sku_2682,TL-WA801ND
sku_2683,TL-WA850RE
sku_2684,TL-WA855RE
sku_2685,TL-WA901N
sku_2686,TL-WA901ND
sku_2687,TL-WN322G
sku_2688,TL-WN722N
sku_2689,TL-WN725N
sku_2690,TL-WN781ND
sku_2691,TL-WN8200ND
sku_2692,TL-WN821N
sku_2693,TL-WN822N
sku_2694,TL-WN823N
sku_2695,TL-WN881ND
sku_2696,TL-WPA4220
sku_2697,TL-WPA4220KIT
sku_2698,TL-WPA7510KIT
sku_2699,TL-WPA7517KIT
sku_2700,TL-WPA7617KIT
sku_2701,TL-WPA8630KIT
sku_2702,TL-WPS510U
sku_2703,TL-WR820N
sku_2704,TL-WR840N
sku_2705,TL-WR841HP
sku_2706,TL-WR845N
sku_2707,TL-WR850N
sku_2708,TL-WR940N
sku_2709,TL-WR941HP
sku_2710,TOP6WGU5.312VLF
sku_2711,TOP6WGU5.3-LC
sku_2712,TOP6WGU5.3-LCX5
sku_2713,TOP6WGU5.3-LF
sku_2714,TOP6WGU5.3-LFX5
sku_2715,TOP6WGU5.3-LN
sku_2716,TOP9WGU10120-LC
sku_2717,TOP9WGU10120-LCX5
sku_2718,TOP9WGU10120-LF
sku_2719,TOP9WGU10120-LFX5
sku_2720,TOP9WGU10120-LN
sku_2721,TOPAR3012W-LC
sku_2722,TOPAR3012W-LF
sku_2723,TOPAR3045WL-LC
sku_2724,TOPAR3045WL-LF
sku_2725,TOPAR3045WL-LN
sku_2726,TOPG93W-LC
sku_2727,TOPGLO-14WLC
sku_2728,TOPGLO-14WLF
sku_2729,TOPGLO-14WLFX3
sku_2730,TOPL3W-LC
sku_2731,TOPL3W-LF
sku_2732,TOPL6W-LC
sku_2733,TOPL6W-LF
sku_2734,TOPL6W-LFX5
sku_2735,TOPL6W-LN
sku_2736,TOPLGU5_3-9W-LC
sku_2737,TOPLGU5_3-9W-LCX5
sku_2738,TOPLGU5_3-9W-LF
sku_2739,TOPLGU5_3-9W-LFX5
sku_2740,TOPLGU5_3-9W-LN
sku_2741,TOP-T514W1_2MLC
sku_2742,TOP-T57W0_6MLC
sku_2743,TOP-T57W0_6MLF
sku_2744,TOP-T59W0_9MLF
sku_2745,TOPTRK-30WLC-BL
sku_2746,TOPTRK-30WLC-NG
sku_2747,TOPVEL4W-LC
sku_2748,TOUCH P5
sku_2749,TPC-HT2201
sku_2750,TX201
sku_2751,TX401
sku_2752,TX-SC-(PRE-C-S)-100
sku_2753,TX-SC-(PRE-C-S)-150
sku_2754,TX-SC-(PRE-C-S)-200
sku_2755,TX-SC-(PRE-C-S)-70
sku_2756,TX-SC-SC-1
sku_2757,TX-SC-SC-2
sku_2758,TX-SC-SC-3
sku_2759,TX-SC-SC-5
sku_2760,TX-SC-UPC-2
sku_2761,TX-SC-UPC-3
sku_2762,TX-SC-UPC-UPC-2
sku_2763,TX-SC-UPC-UPC-3
sku_2764,U6-LITE
sku_2765,U6-LR
sku_2766,U6-PRO
sku_2767,UAP-AC-IW
sku_2768,UAP-AC-LITE
sku_2769,UAP-AC-LR
sku_2770,UAP-AC-M
sku_2771,UAP-AC-M-PRO
sku_2772,UAP-AC-PRO
sku_2773,UAP-AC-PRO-5
sku_2774,UAP-AC-SHD
sku_2775,UAP-NANOHD
sku_2776,UB400
sku_2777,UB500
sku_2778,UB500-
sku_2779,UC400
sku_2780,UCK-G2-PLUS
sku_2781,UDC-1
sku_2782,UDM
sku_2783,UDM-PRO
sku_2784,UE200
sku_2785,UE300
sku_2786,UE300C
sku_2787,UE305
sku_2788,UE306
sku_2789,UE330
sku_2790,UF-GP-B+
sku_2791,UF-GP-C+
sku_2792,UF-LOCO
sku_2793,UF-MM-10G
sku_2794,UF-MM-1G
sku_2795,UFO18WLC
sku_2796,UFO18WLC-
sku_2797,UFO18WLF
sku_2798,UFO18WLF-
sku_2799,UFO36WLC
sku_2800,UFO36WLC-
sku_2801,UFO36WLF
sku_2802,UFO36WLF-
sku_2803,UFO48WLC
sku_2804,UFO48WLC-
sku_2805,UFO48WLF
sku_2806,UFO48WLF-
sku_2807,UFOCL20WLF
sku_2808,UFOCL30WLF
sku_2809,UFOCL40WLF
sku_2810,UF-OLT
sku_2811,UFOMR20WLF
sku_2812,UFOMR30WLF
sku_2813,UFOMR40WLF
sku_2814,UFONJ20WLF
sku_2815,UFONJ30WLF
sku_2816,UFONJ40WLF
sku_2817,UFORS40WLF
sku_2818,UFOVD40WLF
sku_2819,UF-WIFI
sku_2820,UH400
sku_2821,UH700
sku_2822,UH720
sku_2823,U-POE-AF
sku_2824,U-POE-AT
sku_2825,URT46F4U#01M4B0
sku_2826,URT46F4U#01M4B2
sku_2827,URT46F4U#01M4B6
sku_2828,URT46F4U#02M4B0
sku_2829,URT46F4U#02M4B2
sku_2830,URT46F4U#02M4B6
sku_2831,URT46F4U#03M4B0
sku_2832,URT46F4U#03M4B2
sku_2833,URT46F4U#03M4B6
sku_2834,URT46F4U#05M4B6
sku_2835,URT46F4U#10M4B6
sku_2836,URT46F4U#15M4B6
sku_2837,URT46M4P/01M4B2
sku_2838,URT46M4P/02M4B2
sku_2839,URT46M4P/03M4B2
sku_2840,URT4EF4N#01M4B0
sku_2841,URT4EF4N#01M4B2
sku_2842,URT4EF4N#01M4B6
sku_2843,URT4EF4N#02M4B0
sku_2844,URT4EF4N#02M4B2
sku_2845,URT4EF4N#02M4B6
sku_2846,URT4EF4N#03M4B0
sku_2847,URT4EF4N#03M4B2
sku_2848,URT4EF4N#03M4B6
sku_2849,URT4EF4N#05M4B6
sku_2850,URT4EF4N#10M4B6
sku_2851,URT4EF4N#15M4B6
sku_2852,URT4E-GY4B-1TF
sku_2853,URT4EM4Y/0.3MB6
sku_2854,URT4EM4Y/03M4B2
sku_2855,URT4EM4Y/10M4B6
sku_2856,US-24
sku_2857,US-24-250W
sku_2858,US-24-500W
sku_2859,US-48
sku_2860,USG
sku_2861,USG-PRO-4
sku_2862,USW-24
sku_2863,USW-24-POE
sku_2864,USW-48
sku_2865,USW-FLEX
sku_2866,USW-PRO-24
sku_2867,USW-PRO-24-POE
sku_2868,USW-PRO-48-POE
sku_2869,USW-PRO-AGGREGATION
sku_2870,UVC-NVR
sku_2871,UVKT012
sku_2872,UVKT014
sku_2873,UZ2
sku_2874,UZ3
sku_2875,UZ5+
sku_2876,VIGI C300HP-4
sku_2877,VIGI C400HP-2.8
sku_2878,VIGI NVR1008H
sku_2879,VTH1010J
sku_2880,VTH1020J
sku_2881,VTH2421FB-P
sku_2882,VTH2421FW-P
sku_2883,VTH2611L-WP
sku_2884,VTH2621G-WP
sku_2885,VTH2621GW-WP
sku_2886,VTH5341G-W
sku_2887,VTH5421E-H
sku_2888,VTH5421EW-H
sku_2889,VTK-VTO2111D-WP
sku_2890,VTM114
sku_2891,VTM115
sku_2892,VTM116-01
sku_2893,VTM117
sku_2894,VTM121
sku_2895,VTM130
sku_2896,VTNS1060A
sku_2897,VTO1210C-X
sku_2898,VTO1210C-X-S1
sku_2899,VTO2000A-S1
sku_2900,VTO2202F-P
sku_2901,VTO2211G-P
sku_2902,VTO3211D-P2
sku_2903,VTO3211D-P2-S2
sku_2904,VTO3211D-P4
sku_2905,VTO3211D-P4-S2
sku_2906,VTO3311Q-WP
sku_2907,VTO6210B
sku_2908,VTO6210B-S1
sku_2909,VTO6221E-P
sku_2910,VTO6222E-P
sku_2911,VTO6521H-D
sku_2912,VTOB103
sku_2913,VTOB107
sku_2914,VTOB110
sku_2915,VTS5A40B
sku_2916,WB2-60N-I
sku_2917,WD101PURP
sku_2918,WD102PURZ
sku_2919,WD10PURX
sku_2920,WD10PURZ
sku_2921,WD11PURZ
sku_2922,WD121PURP
sku_2923,WD20PURZ
sku_2924,WD22PURZ
sku_2925,WD23PURZ
sku_2926,WD30PURZ
sku_2927,WD40PURZ
sku_2928,WD42PURZ
sku_2929,WD43PURZ
sku_2930,WD60PURZ
sku_2931,WD62PURZ
sku_2932,WD63PURZ
sku_2933,WD64PURZ
sku_2934,WD82PURZ
sku_2935,WD84PURZ
sku_2936,WD85PURZ
sku_2937,WELBL12W-LC
sku_2938,WELBL12W-LCX3
sku_2939,WELBL12W-LF
sku_2940,WELBL12W-LFX3
sku_2941,WELDWN30W-LC
sku_2942,WELFL20W-LC
sku_2943,WELFL50W-LC
sku_2944,WELGLO-35WLC
sku_2945,WELGLO-35WLF
sku_2946,WELGLO-50WLC
sku_2947,WELGLO-50WLF
sku_2948,WELSPOT7WCOB-LC
sku_2949,WF8130
sku_2950,WF8130 AC
sku_2951,WR8602M
sku_2952,WR8602M AC
sku_2953,WS.3304.9001
sku_2954,WS.3306.9001
sku_2955,WS.5404.9001
sku_2956,WS.5406.9001
sku_2957,WS.5409.9001
sku_2958,XC220-G3
sku_2959,XC220-G3V
sku_2960,XC220-G3V-V2
sku_2961,XN020-G3
sku_2962,XN020-G3V
sku_2963,XND-6080RV
sku_2964,XNO-6080R
sku_2965,XNO-6085R
sku_2966,XNP-8300RW
sku_2967,XRN-2011-64TB
sku_2968,XS+31LC10D
sku_2969,XVR1A04
sku_2970,XVR1A08
sku_2971,XVR1B04
sku_2972,XVR1B04-I
sku_2973,XVR1B04-I-1T
sku_2974,XVR1B08
sku_2975,XVR1B08-I
sku_2976,XVR1B08-I-1T
sku_2977,XVR1B16
sku_2978,XVR1B16H
sku_2979,XVR1B16H-I
sku_2980,XVR1B16-I
sku_2981,XVR4104HS-X1
sku_2982,XVR4108HS-S2
sku_2983,XVR5104H-I
sku_2984,XVR5104HS-4KL-I2
sku_2985,XVR5104HS-4KL-I3
sku_2986,XVR5104HS-4KL-X
sku_2987,XVR5104HS-4M
sku_2988,XVR5104HS-I2
sku_2989,XVR5104HS-I3
sku_2990,XVR5104HS-X
sku_2991,XVR5104HS-X1
sku_2992,XVR5108H-4KL-8P
sku_2993,XVR5108HS-4KL
sku_2994,XVR5108HS-4KL-I2
sku_2995,XVR5108HS-4KL-I3
sku_2996,XVR5108HS-4KL-X
sku_2997,XVR5108HS-I2
sku_2998,XVR5108HS-I3
sku_2999,XVR5108HS-X
sku_3000,XVR5116H-4KL-I3
sku_3001,XVR5116H-4KL-X
sku_3002,XVR5116H-I
sku_3003,XVR5116HS-I2
sku_3004,XVR5116HS-I3
sku_3005,XVR5116HS-S2
sku_3006,XVR5208AN-4KL-X
sku_3007,XVR5216AN-4KL
sku_3008,XVR5216AN-4KL-I2
sku_3009,XVR5216AN-4KL-I3
sku_3010,XVR5216AN-4KL-X
sku_3011,XVR5216AN-4KL-X-16P
sku_3012,XVR5216AN-I2
sku_3013,XVR5216AN-I3
sku_3014,XVR5216AN-S2
sku_3015,XVR5216AN-X
sku_3016,XVR5232AN-I3
sku_3017,XVR5232AN-S2
sku_3018,XVR5232AN-X
sku_3019,XVR5432L-4KL-I2
sku_3020,XVR5432L-4KL-I3
sku_3021,XVR5432L-I2
sku_3022,XVR5432L-I3
sku_3023,XVR5432L-X
sku_3024,XVR5816S-4KL-I2
sku_3025,XVR5816S-4KL-I3
sku_3026,XVR5832S-4KL-I3
sku_3027,XVR5832S-I2
sku_3028,XVR5832S-I3
sku_3029,XVR5832S-X
sku_3030,XVR7104E-4KL-B-X
sku_3031,XVR7208A-4K-I2
sku_3032,XVR7208A-4K-I3
sku_3033,XVR7208A-4KL-I
sku_3034,XVR7208A-4K-X
sku_3035,XVR7416L-4K-I2
sku_3036,XVR7416L-4K-I3
sku_3037,XVR7416L-4KL-X
sku_3038,XVR7816S-4K-I2
sku_3039,XVR7816S-4K-I3
sku_3040,XVR7816S-4KL
sku_3041,XVR7816S-4KL-X
sku_3042,XVR8208A-4KL-I
sku_3043,XVR8816S
sku_3044,XX230V
sku_3045,XZ000-G3
sku_3046,XZ000-G7
sku_3047,Z2.6406.9001
sku_3048,Z2.6409.9001
sku_3049,Z2.6412.9001
sku_3050,Z2.6415.9001
sku_3051,Z2.6418.9001
sku_3052,Z2.6422.9001
sku_3053,ZB5352033-ACL-
sku_3054,ZB5454033-DCL
sku_3055,ZB5458033-ACL-
sku_3056,ZB5532033-ACL
sku_3057,ZB5532033-ACL-
sku_3058,ZB5544033-DCL
sku_3059,ZB5548033-ACL-
sku_3060,ZB7781099-DCL-
sku_3061,ZB7782099-DCL
sku_3062,ZB7784099-DCL
sku_3063,ZB7871099-DCL-
sku_3064,ZB7872099-DCL
sku_3065,ZB7874099-DCL
sku_3066,ZD1_EU-IMOU
sku_3067,ZDNY-275C60
sku_3068,ZE1-EU-IMOU
sku_3069,ZH.6409.9001
sku_3070,ZL1-EU-IMOU
sku_3071,ZP1-EU-IMOU
sku_3072,ZR1-EU-IMOU
sku_3073,ZTE GTGH C++-
sku_3074,ZTM1-EU-IMOU
